[NX Daemon Server] - 2025-01-15T02:39:56.138Z - Started listening on: /tmp/1c1781ad4910766e6c3a/d.sock
[NX Daemon Server] - 2025-01-15T02:39:56.140Z - [WATCHER]: Subscribed to changes within: /home/daniel/Documents/Coding_Projects/ai-ml/2ndBrain_Joose/tuskydesign (native)
[NX Daemon Server] - 2025-01-15T02:39:56.145Z - Established a connection. Number of open connections: 1
[NX Daemon Server] - 2025-01-15T02:39:56.146Z - Established a connection. Number of open connections: 2
[NX Daemon Server] - 2025-01-15T02:39:56.148Z - Closed a connection. Number of open connections: 1
[NX Daemon Server] - 2025-01-15T02:39:56.150Z - [REQUEST]: Client Request for Project Graph Received
[NX Daemon Server] - 2025-01-15T02:39:56.335Z - Time taken for 'Load Nx Plugin: /home/daniel/Documents/Coding_Projects/ai-ml/2ndBrain_Joose/tuskydesign/node_modules/nx/src/plugins/js' 183.11581300000003ms
[NX Daemon Server] - 2025-01-15T02:39:56.337Z - Time taken for 'Load Nx Plugin: /home/daniel/Documents/Coding_Projects/ai-ml/2ndBrain_Joose/tuskydesign/node_modules/nx/src/plugins/package-json' 184.659649ms
[NX Daemon Server] - 2025-01-15T02:39:56.346Z - Time taken for 'Load Nx Plugin: /home/daniel/Documents/Coding_Projects/ai-ml/2ndBrain_Joose/tuskydesign/node_modules/nx/src/plugins/project-json/build-nodes/project-json' 194.255313ms
[NX Daemon Server] - 2025-01-15T02:39:56.377Z - [REQUEST]: Updated workspace context based on watched changes, recomputing project graph...
[NX Daemon Server] - 2025-01-15T02:39:56.377Z - [REQUEST]: 
[NX Daemon Server] - 2025-01-15T02:39:56.377Z - [REQUEST]: 
[NX Daemon Server] - 2025-01-15T02:39:56.386Z - Time taken for 'loadNxPlugins' 225.837139ms
[NX Daemon Server] - 2025-01-15T02:39:56.581Z - Time taken for 'build-project-configs' 191.005296ms
[NX Daemon Server] - 2025-01-15T02:39:56.583Z - Time taken for '@nx/js/typescript:createDependencies' 2.568650000000048ms
[NX Daemon Server] - 2025-01-15T02:39:56.782Z - [SYNC]: collect registered sync generators
[NX Daemon Server] - 2025-01-15T02:39:56.782Z - [SYNC]: scheduling: ["@nx/js:typescript-sync"]
[NX Daemon Server] - 2025-01-15T02:39:56.783Z - [REQUEST]: Responding to the client. project-graph
[NX Daemon Server] - 2025-01-15T02:39:56.783Z - Done responding to the client project-graph
[NX Daemon Server] - 2025-01-15T02:39:56.783Z - Handled REQUEST_PROJECT_GRAPH. Handling time: 633. Response time: 1.
[NX Daemon Server] - 2025-01-15T02:39:56.783Z - Time taken for 'total for creating and serializing project graph' 632.858232ms
[NX Daemon Server] - 2025-01-15T02:39:56.787Z - Closed a connection. Number of open connections: 0
[NX Daemon Server] - 2025-01-15T02:39:56.883Z - [SYNC]: running scheduled generator @nx/js:typescript-sync
[NX Daemon Server] - 2025-01-15T02:39:57.066Z - Established a connection. Number of open connections: 1
[NX Daemon Server] - 2025-01-15T02:39:57.067Z - Established a connection. Number of open connections: 2
[NX Daemon Server] - 2025-01-15T02:39:57.067Z - Closed a connection. Number of open connections: 1
[NX Daemon Server] - 2025-01-15T02:39:57.067Z - [REQUEST]: Client Request for Project Graph Received
[NX Daemon Server] - 2025-01-15T02:39:57.067Z - [REQUEST]: Responding to the client. project-graph
[NX Daemon Server] - 2025-01-15T02:39:57.068Z - Done responding to the client project-graph
[NX Daemon Server] - 2025-01-15T02:39:57.068Z - Handled REQUEST_PROJECT_GRAPH. Handling time: 0. Response time: 1.
[NX Daemon Server] - 2025-01-15T02:39:57.068Z - Time taken for 'total for creating and serializing project graph' 0.1606899999999314ms
[NX Daemon Server] - 2025-01-15T02:39:57.097Z - [SYNC]: @nx/js:typescript-sync changes: packages/animals/tsconfig.lib.json, packages/animals/tsconfig.json, packages/names/tsconfig.lib.json, packages/names/tsconfig.json, packages/zoo/tsconfig.lib.json, packages/zoo/tsconfig.json
[NX Daemon Server] - 2025-01-15T02:39:57.097Z - Time taken for 'run-sync-generator:@nx/js:typescript-sync' 213.418315ms
[NX Daemon Server] - 2025-01-15T02:40:05.537Z - [WATCHER]: package.json was modified
[NX Daemon Server] - 2025-01-15T02:40:05.538Z - [WATCHER]: Processing file changes in outputs
[NX Daemon Server] - 2025-01-15T02:40:05.623Z - [WATCHER]: Processing file changes in outputs
[NX Daemon Server] - 2025-01-15T02:40:05.624Z - Closed a connection. Number of open connections: 0
[NX Daemon Server] - 2025-01-15T02:40:05.628Z - [WATCHER]: Stopping the watcher for /home/daniel/Documents/Coding_Projects/ai-ml/2ndBrain_Joose/tuskydesign (sources)
[NX Daemon Server] - 2025-01-15T02:40:05.629Z - [WATCHER]: Stopping the watcher for /home/daniel/Documents/Coding_Projects/ai-ml/2ndBrain_Joose/tuskydesign (outputs)
[NX Daemon Server] - 2025-01-15T02:40:05.869Z - Started listening on: /tmp/1c1781ad4910766e6c3a/d.sock
[NX Daemon Server] - 2025-01-15T02:40:05.871Z - [WATCHER]: Subscribed to changes within: /home/daniel/Documents/Coding_Projects/ai-ml/2ndBrain_Joose/tuskydesign (native)
[NX Daemon Server] - 2025-01-15T02:40:05.876Z - Established a connection. Number of open connections: 1
[NX Daemon Server] - 2025-01-15T02:40:05.876Z - Established a connection. Number of open connections: 2
[NX Daemon Server] - 2025-01-15T02:40:05.878Z - Closed a connection. Number of open connections: 1
[NX Daemon Server] - 2025-01-15T02:40:05.879Z - [REQUEST]: Client Request for Project Graph Received
[NX Daemon Server] - 2025-01-15T02:40:06.086Z - Time taken for 'Load Nx Plugin: /home/daniel/Documents/Coding_Projects/ai-ml/2ndBrain_Joose/tuskydesign/node_modules/nx/src/plugins/package-json' 203.914135ms
[NX Daemon Server] - 2025-01-15T02:40:06.087Z - Time taken for 'Load Nx Plugin: /home/daniel/Documents/Coding_Projects/ai-ml/2ndBrain_Joose/tuskydesign/node_modules/nx/src/plugins/project-json/build-nodes/project-json' 205.15728000000001ms
[NX Daemon Server] - 2025-01-15T02:40:06.088Z - Time taken for 'Load Nx Plugin: /home/daniel/Documents/Coding_Projects/ai-ml/2ndBrain_Joose/tuskydesign/node_modules/nx/src/plugins/js' 206.280476ms
[NX Daemon Server] - 2025-01-15T02:40:06.126Z - [REQUEST]: Updated workspace context based on watched changes, recomputing project graph...
[NX Daemon Server] - 2025-01-15T02:40:06.126Z - [REQUEST]: 
[NX Daemon Server] - 2025-01-15T02:40:06.126Z - [REQUEST]: 
[NX Daemon Server] - 2025-01-15T02:40:06.136Z - Time taken for 'loadNxPlugins' 245.033703ms
[NX Daemon Server] - 2025-01-15T02:40:06.414Z - Time taken for 'build-project-configs' 271.16555400000004ms
[NX Daemon Server] - 2025-01-15T02:40:06.415Z - Time taken for '@nx/js/typescript:createDependencies' 2.432727ms
[NX Daemon Server] - 2025-01-15T02:40:06.447Z - [SYNC]: collect registered sync generators
[NX Daemon Server] - 2025-01-15T02:40:06.447Z - [SYNC]: scheduling: ["@nx/js:typescript-sync"]
[NX Daemon Server] - 2025-01-15T02:40:06.448Z - [REQUEST]: Responding to the client. project-graph
[NX Daemon Server] - 2025-01-15T02:40:06.448Z - Done responding to the client project-graph
[NX Daemon Server] - 2025-01-15T02:40:06.448Z - Handled REQUEST_PROJECT_GRAPH. Handling time: 569. Response time: 0.
[NX Daemon Server] - 2025-01-15T02:40:06.448Z - Time taken for 'total for creating and serializing project graph' 568.3045930000001ms
[NX Daemon Server] - 2025-01-15T02:40:06.548Z - [SYNC]: running scheduled generator @nx/js:typescript-sync
[NX Daemon Server] - 2025-01-15T02:40:06.779Z - Established a connection. Number of open connections: 2
[NX Daemon Server] - 2025-01-15T02:40:06.780Z - Established a connection. Number of open connections: 3
[NX Daemon Server] - 2025-01-15T02:40:06.781Z - Closed a connection. Number of open connections: 2
[NX Daemon Server] - 2025-01-15T02:40:06.781Z - Established a connection. Number of open connections: 3
[NX Daemon Server] - 2025-01-15T02:40:06.781Z - Closed a connection. Number of open connections: 2
[NX Daemon Server] - 2025-01-15T02:40:06.781Z - Established a connection. Number of open connections: 3
[NX Daemon Server] - 2025-01-15T02:40:06.782Z - [REQUEST]: Client Request for Project Graph Received
[NX Daemon Server] - 2025-01-15T02:40:06.782Z - [REQUEST]: Responding to the client. project-graph
[NX Daemon Server] - 2025-01-15T02:40:06.782Z - Done responding to the client project-graph
[NX Daemon Server] - 2025-01-15T02:40:06.782Z - Handled REQUEST_PROJECT_GRAPH. Handling time: 0. Response time: 0.
[NX Daemon Server] - 2025-01-15T02:40:06.782Z - Time taken for 'total for creating and serializing project graph' 0.17026800000007825ms
[NX Daemon Server] - 2025-01-15T02:40:06.783Z - Established a connection. Number of open connections: 4
[NX Daemon Server] - 2025-01-15T02:40:06.783Z - Closed a connection. Number of open connections: 3
[NX Daemon Server] - 2025-01-15T02:40:06.783Z - [REQUEST]: Client Request for Project Graph Received
[NX Daemon Server] - 2025-01-15T02:40:06.783Z - [REQUEST]: Responding to the client. project-graph
[NX Daemon Server] - 2025-01-15T02:40:06.784Z - Done responding to the client project-graph
[NX Daemon Server] - 2025-01-15T02:40:06.784Z - Handled REQUEST_PROJECT_GRAPH. Handling time: 0. Response time: 1.
[NX Daemon Server] - 2025-01-15T02:40:06.784Z - Time taken for 'total for creating and serializing project graph' 0.1881869999999708ms
[NX Daemon Server] - 2025-01-15T02:40:06.817Z - [SYNC]: @nx/js:typescript-sync changes: packages/animals/tsconfig.lib.json, packages/animals/tsconfig.json, packages/names/tsconfig.lib.json, packages/names/tsconfig.json, packages/zoo/tsconfig.lib.json, packages/zoo/tsconfig.json
[NX Daemon Server] - 2025-01-15T02:40:06.818Z - [REQUEST]: Responding to the client. handleContextFileData
[NX Daemon Server] - 2025-01-15T02:40:06.818Z - Done responding to the client handleContextFileData
[NX Daemon Server] - 2025-01-15T02:40:06.818Z - Handled GET_CONTEXT_FILE_DATA. Handling time: 0. Response time: 0.
[NX Daemon Server] - 2025-01-15T02:40:06.818Z - Time taken for 'run-sync-generator:@nx/js:typescript-sync' 268.55402400000014ms
[NX Daemon Server] - 2025-01-15T02:40:06.821Z - Closed a connection. Number of open connections: 2
[NX Daemon Server] - 2025-01-15T02:40:06.853Z - Established a connection. Number of open connections: 3
[NX Daemon Server] - 2025-01-15T02:40:06.854Z - Established a connection. Number of open connections: 4
[NX Daemon Server] - 2025-01-15T02:40:06.854Z - Closed a connection. Number of open connections: 3
[NX Daemon Server] - 2025-01-15T02:40:06.854Z - [REQUEST]: Client Request for Project Graph Received
[NX Daemon Server] - 2025-01-15T02:40:06.854Z - [REQUEST]: Responding to the client. project-graph
[NX Daemon Server] - 2025-01-15T02:40:06.855Z - Done responding to the client project-graph
[NX Daemon Server] - 2025-01-15T02:40:06.855Z - Handled REQUEST_PROJECT_GRAPH. Handling time: 0. Response time: 1.
[NX Daemon Server] - 2025-01-15T02:40:06.855Z - Time taken for 'total for creating and serializing project graph' 0.19957300000010036ms
[NX Daemon Server] - 2025-01-15T02:40:06.856Z - [REQUEST]: Client Request for Project Graph Received
[NX Daemon Server] - 2025-01-15T02:40:06.857Z - [REQUEST]: Responding to the client. project-graph
[NX Daemon Server] - 2025-01-15T02:40:06.857Z - Done responding to the client project-graph
[NX Daemon Server] - 2025-01-15T02:40:06.857Z - Handled REQUEST_PROJECT_GRAPH. Handling time: 1. Response time: 0.
[NX Daemon Server] - 2025-01-15T02:40:06.857Z - Time taken for 'total for creating and serializing project graph' 0.20747400000004745ms
[NX Daemon Server] - 2025-01-15T02:40:06.858Z - Established a connection. Number of open connections: 4
[NX Daemon Server] - 2025-01-15T02:40:07.292Z - Closed a connection. Number of open connections: 3
[NX Daemon Server] - 2025-01-15T02:40:59.439Z - Established a connection. Number of open connections: 4
[NX Daemon Server] - 2025-01-15T02:40:59.440Z - Closed a connection. Number of open connections: 3
[NX Daemon Server] - 2025-01-15T02:40:59.441Z - Established a connection. Number of open connections: 4
[NX Daemon Server] - 2025-01-15T02:40:59.443Z - [REQUEST]: Client Request for Project Graph Received
[NX Daemon Server] - 2025-01-15T02:40:59.443Z - [REQUEST]: Responding to the client. project-graph
[NX Daemon Server] - 2025-01-15T02:40:59.443Z - Done responding to the client project-graph
[NX Daemon Server] - 2025-01-15T02:40:59.443Z - Handled REQUEST_PROJECT_GRAPH. Handling time: 0. Response time: 0.
[NX Daemon Server] - 2025-01-15T02:40:59.443Z - Time taken for 'total for creating and serializing project graph' 0.22307699999510078ms
[NX Daemon Server] - 2025-01-15T02:40:59.480Z - [REQUEST]: Responding to the client. handleHashTasks
[NX Daemon Server] - 2025-01-15T02:40:59.480Z - Done responding to the client handleHashTasks
[NX Daemon Server] - 2025-01-15T02:40:59.481Z - Handled HASH_TASKS. Handling time: 3. Response time: 1.
[NX Daemon Server] - 2025-01-15T02:40:59.487Z - [REQUEST]: Responding to the client. handleGetEstimatedTaskTimings
[NX Daemon Server] - 2025-01-15T02:40:59.487Z - Done responding to the client handleGetEstimatedTaskTimings
[NX Daemon Server] - 2025-01-15T02:40:59.487Z - Handled GET_ESTIMATED_TASK_TIMINGS. Handling time: 1. Response time: 0.
[NX Daemon Server] - 2025-01-15T02:40:59.830Z - [REQUEST]: Responding to the client. recordOutputsHash
[NX Daemon Server] - 2025-01-15T02:40:59.830Z - Done responding to the client recordOutputsHash
[NX Daemon Server] - 2025-01-15T02:40:59.830Z - Handled RECORD_OUTPUTS_HASH. Handling time: 1. Response time: 0.
[NX Daemon Server] - 2025-01-15T02:40:59.837Z - [REQUEST]: Responding to the client. handleRecordTaskRuns
[NX Daemon Server] - 2025-01-15T02:40:59.837Z - Done responding to the client handleRecordTaskRuns
[NX Daemon Server] - 2025-01-15T02:40:59.837Z - Handled RECORD_TASK_RUNS. Handling time: 5. Response time: 0.
[NX Daemon Server] - 2025-01-15T02:40:59.838Z - [REQUEST]: Responding to the client. handleGetFlakyTasks
[NX Daemon Server] - 2025-01-15T02:40:59.838Z - Done responding to the client handleGetFlakyTasks
[NX Daemon Server] - 2025-01-15T02:40:59.838Z - Handled GET_FLAKY_TASKS. Handling time: 0. Response time: 0.
[NX Daemon Server] - 2025-01-15T02:40:59.843Z - Closed a connection. Number of open connections: 3
[NX Daemon Server] - 2025-01-15T02:41:14.582Z - Established a connection. Number of open connections: 4
[NX Daemon Server] - 2025-01-15T02:41:14.583Z - Closed a connection. Number of open connections: 3
[NX Daemon Server] - 2025-01-15T02:41:14.584Z - Established a connection. Number of open connections: 4
[NX Daemon Server] - 2025-01-15T02:41:14.585Z - [REQUEST]: Client Request for Project Graph Received
[NX Daemon Server] - 2025-01-15T02:41:14.586Z - [REQUEST]: Responding to the client. project-graph
[NX Daemon Server] - 2025-01-15T02:41:14.586Z - Done responding to the client project-graph
[NX Daemon Server] - 2025-01-15T02:41:14.586Z - Handled REQUEST_PROJECT_GRAPH. Handling time: 1. Response time: 0.
[NX Daemon Server] - 2025-01-15T02:41:14.586Z - Time taken for 'total for creating and serializing project graph' 0.26776000000245403ms
[NX Daemon Server] - 2025-01-15T02:41:14.592Z - [SYNC]: get sync generators changes on demand ["@nx/js:typescript-sync"]
[NX Daemon Server] - 2025-01-15T02:41:14.592Z - [SYNC]: @nx/js:typescript-sync not scheduled and has cached result, returning cached result
[NX Daemon Server] - 2025-01-15T02:41:14.592Z - [REQUEST]: Responding to the client. handleGetSyncGeneratorChanges
[NX Daemon Server] - 2025-01-15T02:41:14.592Z - Done responding to the client handleGetSyncGeneratorChanges
[NX Daemon Server] - 2025-01-15T02:41:14.592Z - Handled GET_SYNC_GENERATOR_CHANGES. Handling time: 0. Response time: 0.
[NX Daemon Server] - 2025-01-15T02:41:38.259Z - [SYNC]: flush sync generators changes ["@nx/js:typescript-sync"]
[NX Daemon Server] - 2025-01-15T02:41:38.259Z - [SYNC]: get sync generators changes on demand ["@nx/js:typescript-sync"]
[NX Daemon Server] - 2025-01-15T02:41:38.260Z - [SYNC]: @nx/js:typescript-sync not scheduled and has cached result, returning cached result
[NX Daemon Server] - 2025-01-15T02:41:38.261Z - [REQUEST]: Responding to the client. File watch changed
[NX Daemon Server] - 2025-01-15T02:41:38.261Z - [REQUEST]: Responding to the client. handleFlushSyncGeneratorChangesToDisk
[NX Daemon Server] - 2025-01-15T02:41:38.261Z - Done responding to the client File watch changed
[NX Daemon Server] - 2025-01-15T02:41:38.261Z - Done responding to the client handleFlushSyncGeneratorChangesToDisk
[NX Daemon Server] - 2025-01-15T02:41:38.261Z - Handled FILE-WATCH-CHANGED. Handling time: 0. Response time: 0.
[NX Daemon Server] - 2025-01-15T02:41:38.261Z - Handled CLEAR_CACHED_SYNC_GENERATOR_CHANGES. Handling time: 2. Response time: 0.
[NX Daemon Server] - 2025-01-15T02:41:38.261Z - Time taken for 'flush sync generator changes to disk' 1.1905160000023898ms
[NX Daemon Server] - 2025-01-15T02:41:38.262Z - [REQUEST]: Client Request for Project Graph Received
[NX Daemon Server] - 2025-01-15T02:41:38.262Z - [REQUEST]: Updated workspace context based on watched changes, recomputing project graph...
[NX Daemon Server] - 2025-01-15T02:41:38.262Z - [REQUEST]: packages/animals/tsconfig.lib.json,packages/animals/tsconfig.json,packages/names/tsconfig.lib.json,packages/names/tsconfig.json,packages/zoo/tsconfig.lib.json,packages/zoo/tsconfig.json
[NX Daemon Server] - 2025-01-15T02:41:38.262Z - [REQUEST]: 
[NX Daemon Server] - 2025-01-15T02:41:38.268Z - Time taken for 'hash changed files from watcher' 0.1584770000044955ms
[NX Daemon Server] - 2025-01-15T02:41:38.289Z - Time taken for 'build-project-configs' 23.071622000003117ms
[NX Daemon Server] - 2025-01-15T02:41:38.290Z - Time taken for '@nx/js/typescript:createDependencies' 1.9681760000094073ms
[NX Daemon Server] - 2025-01-15T02:41:38.312Z - [WATCHER]: 0 file(s) created or restored, 6 file(s) modified, 0 file(s) deleted
[NX Daemon Server] - 2025-01-15T02:41:38.312Z - [REQUEST]: Responding to the client. File watch changed
[NX Daemon Server] - 2025-01-15T02:41:38.312Z - Done responding to the client File watch changed
[NX Daemon Server] - 2025-01-15T02:41:38.313Z - Handled FILE-WATCH-CHANGED. Handling time: 0. Response time: 1.
[NX Daemon Server] - 2025-01-15T02:41:38.313Z - [WATCHER]: Processing file changes in outputs
[NX Daemon Server] - 2025-01-15T02:41:38.313Z - Time taken for 'changed-projects' 0.0573619999922812ms
[NX Daemon Server] - 2025-01-15T02:41:38.413Z - [REQUEST]: Updated workspace context based on watched changes, recomputing project graph...
[NX Daemon Server] - 2025-01-15T02:41:38.413Z - [REQUEST]: packages/animals/tsconfig.lib.json,packages/names/tsconfig.json,packages/zoo/tsconfig.json,packages/animals/tsconfig.json,packages/names/tsconfig.lib.json,packages/zoo/tsconfig.lib.json
[NX Daemon Server] - 2025-01-15T02:41:38.413Z - [REQUEST]: 
[NX Daemon Server] - 2025-01-15T02:41:38.418Z - Time taken for 'hash changed files from watcher' 0.1829169999982696ms
[NX Daemon Server] - 2025-01-15T02:41:38.507Z - [SYNC]: collect registered sync generators
[NX Daemon Server] - 2025-01-15T02:41:38.507Z - [SYNC]: nx.json hash is the same, not collecting global sync generators
[NX Daemon Server] - 2025-01-15T02:41:38.507Z - [SYNC]: scheduling: ["@nx/js:typescript-sync"]
[NX Daemon Server] - 2025-01-15T02:41:38.507Z - [REQUEST]: Responding to the client. project-graph
[NX Daemon Server] - 2025-01-15T02:41:38.507Z - Done responding to the client project-graph
[NX Daemon Server] - 2025-01-15T02:41:38.507Z - Handled REQUEST_PROJECT_GRAPH. Handling time: 245. Response time: 0.
[NX Daemon Server] - 2025-01-15T02:41:38.508Z - Time taken for 'total for creating and serializing project graph' 245.41158800000267ms
[NX Daemon Server] - 2025-01-15T02:41:38.512Z - Time taken for 'build-project-configs' 95.72323000000324ms
[NX Daemon Server] - 2025-01-15T02:41:38.513Z - Time taken for '@nx/js/typescript:createDependencies' 2.44972200000484ms
[NX Daemon Server] - 2025-01-15T02:41:38.522Z - [SYNC]: collect registered sync generators
[NX Daemon Server] - 2025-01-15T02:41:38.523Z - [SYNC]: project graph hash is the same, not collecting task sync generators
[NX Daemon Server] - 2025-01-15T02:41:38.523Z - [SYNC]: nx.json hash is the same, not collecting global sync generators
[NX Daemon Server] - 2025-01-15T02:41:38.523Z - [SYNC]: scheduling: ["@nx/js:typescript-sync"]
[NX Daemon Server] - 2025-01-15T02:41:38.523Z - Time taken for 'total execution time for createProjectGraph()' 9.448229000001447ms
[NX Daemon Server] - 2025-01-15T02:41:38.538Z - [REQUEST]: Responding to the client. handleHashTasks
[NX Daemon Server] - 2025-01-15T02:41:38.538Z - Done responding to the client handleHashTasks
[NX Daemon Server] - 2025-01-15T02:41:38.538Z - Handled HASH_TASKS. Handling time: 4. Response time: 0.
[NX Daemon Server] - 2025-01-15T02:41:38.548Z - [REQUEST]: Responding to the client. handleGetEstimatedTaskTimings
[NX Daemon Server] - 2025-01-15T02:41:38.548Z - Done responding to the client handleGetEstimatedTaskTimings
[NX Daemon Server] - 2025-01-15T02:41:38.548Z - Handled GET_ESTIMATED_TASK_TIMINGS. Handling time: 0. Response time: 0.
[NX Daemon Server] - 2025-01-15T02:41:38.608Z - [SYNC]: running scheduled generator @nx/js:typescript-sync
[NX Daemon Server] - 2025-01-15T02:41:38.609Z - [REQUEST]: Client Request for Project Graph Received
[NX Daemon Server] - 2025-01-15T02:41:38.609Z - [REQUEST]: Responding to the client. project-graph
[NX Daemon Server] - 2025-01-15T02:41:38.609Z - Done responding to the client project-graph
[NX Daemon Server] - 2025-01-15T02:41:38.609Z - Handled REQUEST_PROJECT_GRAPH. Handling time: 0. Response time: 0.
[NX Daemon Server] - 2025-01-15T02:41:38.609Z - Time taken for 'total for creating and serializing project graph' 0.15024099999573082ms
[NX Daemon Server] - 2025-01-15T02:41:38.624Z - [SYNC]: @nx/js:typescript-sync changes: 
[NX Daemon Server] - 2025-01-15T02:41:38.624Z - Time taken for 'run-sync-generator:@nx/js:typescript-sync' 16.585590999995475ms
[NX Daemon Server] - 2025-01-15T02:41:39.190Z - [REQUEST]: Responding to the client. recordOutputsHash
[NX Daemon Server] - 2025-01-15T02:41:39.190Z - Done responding to the client recordOutputsHash
[NX Daemon Server] - 2025-01-15T02:41:39.190Z - Handled RECORD_OUTPUTS_HASH. Handling time: 2. Response time: 0.
[NX Daemon Server] - 2025-01-15T02:41:39.203Z - [REQUEST]: Responding to the client. handleHashTasks
[NX Daemon Server] - 2025-01-15T02:41:39.203Z - Done responding to the client handleHashTasks
[NX Daemon Server] - 2025-01-15T02:41:39.203Z - Handled HASH_TASKS. Handling time: 4. Response time: 0.
[NX Daemon Server] - 2025-01-15T02:41:39.229Z - [WATCHER]: Processing file changes in outputs
[NX Daemon Server] - 2025-01-15T02:41:39.315Z - Established a connection. Number of open connections: 5
[NX Daemon Server] - 2025-01-15T02:41:39.315Z - [REQUEST]: Client Request for Project Graph Received
[NX Daemon Server] - 2025-01-15T02:41:39.316Z - [REQUEST]: Responding to the client. project-graph
[NX Daemon Server] - 2025-01-15T02:41:39.316Z - Done responding to the client project-graph
[NX Daemon Server] - 2025-01-15T02:41:39.316Z - Handled REQUEST_PROJECT_GRAPH. Handling time: 1. Response time: 0.
[NX Daemon Server] - 2025-01-15T02:41:39.316Z - Time taken for 'total for creating and serializing project graph' 0.22863900000811554ms
[NX Daemon Server] - 2025-01-15T02:41:39.316Z - Closed a connection. Number of open connections: 4
[NX Daemon Server] - 2025-01-15T02:41:39.317Z - [REQUEST]: Responding to the client. handleContextFileData
[NX Daemon Server] - 2025-01-15T02:41:39.317Z - Done responding to the client handleContextFileData
[NX Daemon Server] - 2025-01-15T02:41:39.317Z - Handled GET_CONTEXT_FILE_DATA. Handling time: 0. Response time: 0.
[NX Daemon Server] - 2025-01-15T02:41:39.318Z - Closed a connection. Number of open connections: 3
[NX Daemon Server] - 2025-01-15T02:41:39.341Z - Closed a connection. Number of open connections: 2
[NX Daemon Server] - 2025-01-15T02:41:39.342Z - Established a connection. Number of open connections: 3
[NX Daemon Server] - 2025-01-15T02:41:39.342Z - Established a connection. Number of open connections: 4
[NX Daemon Server] - 2025-01-15T02:41:39.342Z - Closed a connection. Number of open connections: 3
[NX Daemon Server] - 2025-01-15T02:41:39.342Z - [REQUEST]: Client Request for Project Graph Received
[NX Daemon Server] - 2025-01-15T02:41:39.342Z - [REQUEST]: Responding to the client. project-graph
[NX Daemon Server] - 2025-01-15T02:41:39.343Z - Done responding to the client project-graph
[NX Daemon Server] - 2025-01-15T02:41:39.343Z - Handled REQUEST_PROJECT_GRAPH. Handling time: 0. Response time: 1.
[NX Daemon Server] - 2025-01-15T02:41:39.343Z - Time taken for 'total for creating and serializing project graph' 0.14679299999261275ms
[NX Daemon Server] - 2025-01-15T02:41:39.345Z - [REQUEST]: Client Request for Project Graph Received
[NX Daemon Server] - 2025-01-15T02:41:39.345Z - [REQUEST]: Responding to the client. project-graph
[NX Daemon Server] - 2025-01-15T02:41:39.345Z - Done responding to the client project-graph
[NX Daemon Server] - 2025-01-15T02:41:39.345Z - Handled REQUEST_PROJECT_GRAPH. Handling time: 0. Response time: 0.
[NX Daemon Server] - 2025-01-15T02:41:39.345Z - Time taken for 'total for creating and serializing project graph' 0.17812599999888334ms
[NX Daemon Server] - 2025-01-15T02:41:39.346Z - Established a connection. Number of open connections: 4
[NX Daemon Server] - 2025-01-15T02:41:40.050Z - [REQUEST]: Responding to the client. recordOutputsHash
[NX Daemon Server] - 2025-01-15T02:41:40.050Z - Done responding to the client recordOutputsHash
[NX Daemon Server] - 2025-01-15T02:41:40.050Z - Handled RECORD_OUTPUTS_HASH. Handling time: 2. Response time: 0.
[NX Daemon Server] - 2025-01-15T02:41:40.060Z - [REQUEST]: Responding to the client. handleRecordTaskRuns
[NX Daemon Server] - 2025-01-15T02:41:40.060Z - Done responding to the client handleRecordTaskRuns
[NX Daemon Server] - 2025-01-15T02:41:40.060Z - Handled RECORD_TASK_RUNS. Handling time: 4. Response time: 0.
[NX Daemon Server] - 2025-01-15T02:41:40.061Z - [REQUEST]: Responding to the client. handleGetFlakyTasks
[NX Daemon Server] - 2025-01-15T02:41:40.061Z - Done responding to the client handleGetFlakyTasks
[NX Daemon Server] - 2025-01-15T02:41:40.061Z - Handled GET_FLAKY_TASKS. Handling time: 0. Response time: 0.
[NX Daemon Server] - 2025-01-15T02:41:40.065Z - Closed a connection. Number of open connections: 3
[NX Daemon Server] - 2025-01-15T02:41:40.089Z - [WATCHER]: Processing file changes in outputs
[NX Daemon Server] - 2025-01-15T02:43:00.540Z - Established a connection. Number of open connections: 4
[NX Daemon Server] - 2025-01-15T02:43:00.541Z - Closed a connection. Number of open connections: 3
[NX Daemon Server] - 2025-01-15T02:43:00.541Z - Established a connection. Number of open connections: 4
[NX Daemon Server] - 2025-01-15T02:43:00.543Z - [REQUEST]: Client Request for Project Graph Received
[NX Daemon Server] - 2025-01-15T02:43:00.543Z - [REQUEST]: Responding to the client. project-graph
[NX Daemon Server] - 2025-01-15T02:43:00.544Z - Done responding to the client project-graph
[NX Daemon Server] - 2025-01-15T02:43:00.544Z - Handled REQUEST_PROJECT_GRAPH. Handling time: 0. Response time: 1.
[NX Daemon Server] - 2025-01-15T02:43:00.544Z - Time taken for 'total for creating and serializing project graph' 0.22607800000696443ms
[NX Daemon Server] - 2025-01-15T02:43:00.548Z - Closed a connection. Number of open connections: 3
[NX Daemon Server] - 2025-01-15T02:44:55.821Z - Established a connection. Number of open connections: 4
[NX Daemon Server] - 2025-01-15T02:44:55.822Z - Closed a connection. Number of open connections: 3
[NX Daemon Server] - 2025-01-15T02:44:55.823Z - Established a connection. Number of open connections: 4
[NX Daemon Server] - 2025-01-15T02:44:55.824Z - [REQUEST]: Client Request for Project Graph Received
[NX Daemon Server] - 2025-01-15T02:44:55.825Z - [REQUEST]: Responding to the client. project-graph
[NX Daemon Server] - 2025-01-15T02:44:55.825Z - Done responding to the client project-graph
[NX Daemon Server] - 2025-01-15T02:44:55.825Z - Handled REQUEST_PROJECT_GRAPH. Handling time: 0. Response time: 1.
[NX Daemon Server] - 2025-01-15T02:44:55.825Z - Time taken for 'total for creating and serializing project graph' 0.31155099999159575ms
[NX Daemon Server] - 2025-01-15T02:44:55.830Z - Closed a connection. Number of open connections: 3
[NX Daemon Server] - 2025-01-15T02:45:27.132Z - [WATCHER]: Processing file changes in outputs
[NX Daemon Server] - 2025-01-15T02:45:27.133Z - [WATCHER]: package-lock.json was modified
[NX Daemon Server] - 2025-01-15T02:45:27.133Z - [REQUEST]: Responding to the client. File watch changed
[NX Daemon Server] - 2025-01-15T02:45:27.133Z - Done responding to the client File watch changed
[NX Daemon Server] - 2025-01-15T02:45:27.133Z - Handled FILE-WATCH-CHANGED. Handling time: 0. Response time: 0.
[NX Daemon Server] - 2025-01-15T02:45:27.133Z - Time taken for 'changed-projects' 0.14590900001348928ms
[NX Daemon Server] - 2025-01-15T02:45:27.233Z - [REQUEST]: Updated workspace context based on watched changes, recomputing project graph...
[NX Daemon Server] - 2025-01-15T02:45:27.233Z - [REQUEST]: package-lock.json
[NX Daemon Server] - 2025-01-15T02:45:27.233Z - [REQUEST]: 
[NX Daemon Server] - 2025-01-15T02:45:27.239Z - Time taken for 'hash changed files from watcher' 0.1031189999775961ms
[NX Daemon Server] - 2025-01-15T02:45:27.243Z - Time taken for 'build-project-configs' 7.307660999998916ms
[NX Daemon Server] - 2025-01-15T02:45:27.244Z - Time taken for '@nx/js/typescript:createDependencies' 1.9278270000359043ms
[NX Daemon Server] - 2025-01-15T02:45:27.250Z - [SYNC]: collect registered sync generators
[NX Daemon Server] - 2025-01-15T02:45:27.251Z - [SYNC]: project graph hash is the same, not collecting task sync generators
[NX Daemon Server] - 2025-01-15T02:45:27.251Z - [SYNC]: nx.json hash is the same, not collecting global sync generators
[NX Daemon Server] - 2025-01-15T02:45:27.251Z - [SYNC]: scheduling: ["@nx/js:typescript-sync"]
[NX Daemon Server] - 2025-01-15T02:45:27.251Z - Time taken for 'total execution time for createProjectGraph()' 7.3640200000372715ms
[NX Daemon Server] - 2025-01-15T02:45:27.451Z - [SYNC]: running scheduled generator @nx/js:typescript-sync
[NX Daemon Server] - 2025-01-15T02:45:27.452Z - [REQUEST]: Client Request for Project Graph Received
[NX Daemon Server] - 2025-01-15T02:45:27.453Z - [REQUEST]: Responding to the client. project-graph
[NX Daemon Server] - 2025-01-15T02:45:27.453Z - Done responding to the client project-graph
[NX Daemon Server] - 2025-01-15T02:45:27.453Z - Handled REQUEST_PROJECT_GRAPH. Handling time: 1. Response time: 0.
[NX Daemon Server] - 2025-01-15T02:45:27.453Z - Time taken for 'total for creating and serializing project graph' 0.21339900000020862ms
[NX Daemon Server] - 2025-01-15T02:45:27.466Z - [SYNC]: @nx/js:typescript-sync changes: 
[NX Daemon Server] - 2025-01-15T02:45:27.467Z - Time taken for 'run-sync-generator:@nx/js:typescript-sync' 15.247900999966078ms
[NX Daemon Server] - 2025-01-15T02:45:28.135Z - Established a connection. Number of open connections: 4
[NX Daemon Server] - 2025-01-15T02:45:28.136Z - [REQUEST]: Client Request for Project Graph Received
[NX Daemon Server] - 2025-01-15T02:45:28.136Z - [REQUEST]: Responding to the client. project-graph
[NX Daemon Server] - 2025-01-15T02:45:28.136Z - Done responding to the client project-graph
[NX Daemon Server] - 2025-01-15T02:45:28.136Z - Handled REQUEST_PROJECT_GRAPH. Handling time: 0. Response time: 0.
[NX Daemon Server] - 2025-01-15T02:45:28.136Z - Time taken for 'total for creating and serializing project graph' 0.16965900000650436ms
[NX Daemon Server] - 2025-01-15T02:45:28.136Z - Closed a connection. Number of open connections: 3
[NX Daemon Server] - 2025-01-15T02:45:28.138Z - [REQUEST]: Responding to the client. handleContextFileData
[NX Daemon Server] - 2025-01-15T02:45:28.138Z - Done responding to the client handleContextFileData
[NX Daemon Server] - 2025-01-15T02:45:28.138Z - Handled GET_CONTEXT_FILE_DATA. Handling time: 1. Response time: 0.
[NX Daemon Server] - 2025-01-15T02:45:28.138Z - Closed a connection. Number of open connections: 2
[NX Daemon Server] - 2025-01-15T02:45:28.151Z - Closed a connection. Number of open connections: 1
[NX Daemon Server] - 2025-01-15T02:45:28.152Z - Established a connection. Number of open connections: 2
[NX Daemon Server] - 2025-01-15T02:45:28.152Z - Established a connection. Number of open connections: 3
[NX Daemon Server] - 2025-01-15T02:45:28.152Z - Closed a connection. Number of open connections: 2
[NX Daemon Server] - 2025-01-15T02:45:28.152Z - [REQUEST]: Client Request for Project Graph Received
[NX Daemon Server] - 2025-01-15T02:45:28.153Z - [REQUEST]: Responding to the client. project-graph
[NX Daemon Server] - 2025-01-15T02:45:28.153Z - Done responding to the client project-graph
[NX Daemon Server] - 2025-01-15T02:45:28.153Z - Handled REQUEST_PROJECT_GRAPH. Handling time: 1. Response time: 0.
[NX Daemon Server] - 2025-01-15T02:45:28.153Z - Time taken for 'total for creating and serializing project graph' 0.16513400000985712ms
[NX Daemon Server] - 2025-01-15T02:45:28.154Z - [REQUEST]: Client Request for Project Graph Received
[NX Daemon Server] - 2025-01-15T02:45:28.154Z - [REQUEST]: Responding to the client. project-graph
[NX Daemon Server] - 2025-01-15T02:45:28.154Z - Done responding to the client project-graph
[NX Daemon Server] - 2025-01-15T02:45:28.154Z - Handled REQUEST_PROJECT_GRAPH. Handling time: 0. Response time: 0.
[NX Daemon Server] - 2025-01-15T02:45:28.155Z - Time taken for 'total for creating and serializing project graph' 0.1466989999753423ms
[NX Daemon Server] - 2025-01-15T02:45:28.156Z - Established a connection. Number of open connections: 3
[NX Daemon Server] - 2025-01-15T02:45:35.166Z - Established a connection. Number of open connections: 4
[NX Daemon Server] - 2025-01-15T02:45:35.168Z - Closed a connection. Number of open connections: 3
[NX Daemon Server] - 2025-01-15T02:45:35.168Z - Established a connection. Number of open connections: 4
[NX Daemon Server] - 2025-01-15T02:45:35.170Z - [REQUEST]: Client Request for Project Graph Received
[NX Daemon Server] - 2025-01-15T02:45:35.170Z - [REQUEST]: Responding to the client. project-graph
[NX Daemon Server] - 2025-01-15T02:45:35.170Z - Done responding to the client project-graph
[NX Daemon Server] - 2025-01-15T02:45:35.170Z - Handled REQUEST_PROJECT_GRAPH. Handling time: 0. Response time: 0.
[NX Daemon Server] - 2025-01-15T02:45:35.170Z - Time taken for 'total for creating and serializing project graph' 0.19283199997153133ms
[NX Daemon Server] - 2025-01-15T02:45:35.175Z - Closed a connection. Number of open connections: 3
[NX Daemon Server] - 2025-01-15T02:45:51.751Z - [WATCHER]: Processing file changes in outputs
[NX Daemon Server] - 2025-01-15T02:45:51.751Z - Closed a connection. Number of open connections: 2
[NX Daemon Server] - 2025-01-15T02:45:51.751Z - Closed a connection. Number of open connections: 1
[NX Daemon Server] - 2025-01-15T02:45:51.751Z - Closed a connection. Number of open connections: 0
[NX Daemon Server] - 2025-01-15T02:45:51.751Z - [WATCHER]: Stopping the watcher for /home/daniel/Documents/Coding_Projects/ai-ml/2ndBrain_Joose/tuskydesign (sources)
[NX Daemon Server] - 2025-01-15T02:45:51.752Z - [WATCHER]: Stopping the watcher for /home/daniel/Documents/Coding_Projects/ai-ml/2ndBrain_Joose/tuskydesign (outputs)
[NX Daemon Server] - 2025-01-15T02:46:02.787Z - Started listening on: /tmp/1c1781ad4910766e6c3a/d.sock
[NX Daemon Server] - 2025-01-15T02:46:02.789Z - [WATCHER]: Subscribed to changes within: /home/daniel/Documents/Coding_Projects/ai-ml/2ndBrain_Joose/tuskydesign (native)
[NX Daemon Server] - 2025-01-15T02:46:02.792Z - Established a connection. Number of open connections: 1
[NX Daemon Server] - 2025-01-15T02:46:02.793Z - Established a connection. Number of open connections: 2
[NX Daemon Server] - 2025-01-15T02:46:02.795Z - Closed a connection. Number of open connections: 1
[NX Daemon Server] - 2025-01-15T02:46:02.796Z - [REQUEST]: Responding to the client. Shutdown initiated
[NX Daemon Server] - 2025-01-15T02:46:02.797Z - Done responding to the client Shutdown initiated
[NX Daemon Server] - 2025-01-15T02:46:02.797Z - Handled FORCE_SHUTDOWN. Handling time: 0. Response time: 1.
[NX Daemon Server] - 2025-01-15T02:46:02.798Z - Closed a connection. Number of open connections: 0
[NX Daemon Server] - 2025-01-15T02:46:02.798Z - [WATCHER]: Stopping the watcher for /home/daniel/Documents/Coding_Projects/ai-ml/2ndBrain_Joose/tuskydesign (sources)
[NX Daemon Server] - 2025-01-15T02:46:02.798Z - [WATCHER]: Stopping the watcher for /home/daniel/Documents/Coding_Projects/ai-ml/2ndBrain_Joose/tuskydesign (outputs)
[NX Daemon Server] - 2025-01-15T02:46:09.580Z - Started listening on: /tmp/1c1781ad4910766e6c3a/d.sock
[NX Daemon Server] - 2025-01-15T02:46:09.582Z - [WATCHER]: Subscribed to changes within: /home/daniel/Documents/Coding_Projects/ai-ml/2ndBrain_Joose/tuskydesign (native)
[NX Daemon Server] - 2025-01-15T02:46:09.587Z - Established a connection. Number of open connections: 1
[NX Daemon Server] - 2025-01-15T02:46:09.588Z - Established a connection. Number of open connections: 2
[NX Daemon Server] - 2025-01-15T02:46:09.589Z - Closed a connection. Number of open connections: 1
[NX Daemon Server] - 2025-01-15T02:46:09.590Z - [REQUEST]: Client Request for Project Graph Received
[NX Daemon Server] - 2025-01-15T02:46:09.775Z - Time taken for 'Load Nx Plugin: /home/daniel/Documents/Coding_Projects/ai-ml/2ndBrain_Joose/tuskydesign/node_modules/nx/src/plugins/package-json' 182.56935099999998ms
[NX Daemon Server] - 2025-01-15T02:46:09.784Z - Time taken for 'Load Nx Plugin: /home/daniel/Documents/Coding_Projects/ai-ml/2ndBrain_Joose/tuskydesign/node_modules/nx/src/plugins/project-json/build-nodes/project-json' 191.847664ms
[NX Daemon Server] - 2025-01-15T02:46:09.786Z - Time taken for 'Load Nx Plugin: /home/daniel/Documents/Coding_Projects/ai-ml/2ndBrain_Joose/tuskydesign/node_modules/nx/src/plugins/js' 194.63876900000002ms
[NX Daemon Server] - 2025-01-15T02:46:09.821Z - [REQUEST]: Updated workspace context based on watched changes, recomputing project graph...
[NX Daemon Server] - 2025-01-15T02:46:09.821Z - [REQUEST]: 
[NX Daemon Server] - 2025-01-15T02:46:09.821Z - [REQUEST]: 
[NX Daemon Server] - 2025-01-15T02:46:09.829Z - Time taken for 'loadNxPlugins' 229.73380600000002ms
[NX Daemon Server] - 2025-01-15T02:46:10.025Z - Time taken for 'build-project-configs' 191.35199599999999ms
[NX Daemon Server] - 2025-01-15T02:46:10.026Z - Time taken for '@nx/js/typescript:createDependencies' 1.730542000000014ms
[NX Daemon Server] - 2025-01-15T02:46:10.033Z - [SYNC]: collect registered sync generators
[NX Daemon Server] - 2025-01-15T02:46:10.034Z - [SYNC]: scheduling: ["@nx/js:typescript-sync"]
[NX Daemon Server] - 2025-01-15T02:46:10.034Z - [REQUEST]: Responding to the client. project-graph
[NX Daemon Server] - 2025-01-15T02:46:10.034Z - Done responding to the client project-graph
[NX Daemon Server] - 2025-01-15T02:46:10.034Z - Handled REQUEST_PROJECT_GRAPH. Handling time: 444. Response time: 0.
[NX Daemon Server] - 2025-01-15T02:46:10.034Z - Time taken for 'total for creating and serializing project graph' 443.768999ms
[NX Daemon Server] - 2025-01-15T02:46:10.039Z - Closed a connection. Number of open connections: 0
[NX Daemon Server] - 2025-01-15T02:46:10.135Z - [SYNC]: running scheduled generator @nx/js:typescript-sync
[NX Daemon Server] - 2025-01-15T02:46:10.317Z - Established a connection. Number of open connections: 1
[NX Daemon Server] - 2025-01-15T02:46:10.317Z - Established a connection. Number of open connections: 2
[NX Daemon Server] - 2025-01-15T02:46:10.318Z - Closed a connection. Number of open connections: 1
[NX Daemon Server] - 2025-01-15T02:46:10.318Z - [REQUEST]: Client Request for Project Graph Received
[NX Daemon Server] - 2025-01-15T02:46:10.318Z - [REQUEST]: Responding to the client. project-graph
[NX Daemon Server] - 2025-01-15T02:46:10.318Z - Done responding to the client project-graph
[NX Daemon Server] - 2025-01-15T02:46:10.319Z - Handled REQUEST_PROJECT_GRAPH. Handling time: 0. Response time: 1.
[NX Daemon Server] - 2025-01-15T02:46:10.319Z - Time taken for 'total for creating and serializing project graph' 0.14581699999996545ms
[NX Daemon Server] - 2025-01-15T02:46:10.347Z - [SYNC]: @nx/js:typescript-sync changes: 
[NX Daemon Server] - 2025-01-15T02:46:10.347Z - Time taken for 'run-sync-generator:@nx/js:typescript-sync' 212.02690600000005ms
[NX Daemon Server] - 2025-01-15T02:46:36.130Z - Established a connection. Number of open connections: 2
[NX Daemon Server] - 2025-01-15T02:46:36.131Z - Closed a connection. Number of open connections: 1
[NX Daemon Server] - 2025-01-15T02:46:36.132Z - Established a connection. Number of open connections: 2
[NX Daemon Server] - 2025-01-15T02:46:36.134Z - [REQUEST]: Client Request for Project Graph Received
[NX Daemon Server] - 2025-01-15T02:46:36.135Z - [REQUEST]: Responding to the client. project-graph
[NX Daemon Server] - 2025-01-15T02:46:36.135Z - Done responding to the client project-graph
[NX Daemon Server] - 2025-01-15T02:46:36.135Z - Handled REQUEST_PROJECT_GRAPH. Handling time: 1. Response time: 0.
[NX Daemon Server] - 2025-01-15T02:46:36.135Z - Time taken for 'total for creating and serializing project graph' 0.2762880000009318ms
[NX Daemon Server] - 2025-01-15T02:46:36.145Z - [REQUEST]: Client Request for Project Graph Received
[NX Daemon Server] - 2025-01-15T02:46:36.145Z - [REQUEST]: Responding to the client. project-graph
[NX Daemon Server] - 2025-01-15T02:46:36.145Z - Done responding to the client project-graph
[NX Daemon Server] - 2025-01-15T02:46:36.145Z - Handled REQUEST_PROJECT_GRAPH. Handling time: 0. Response time: 0.
[NX Daemon Server] - 2025-01-15T02:46:36.145Z - Time taken for 'total for creating and serializing project graph' 0.18769999999858555ms
[NX Daemon Server] - 2025-01-15T02:46:36.147Z - Established a connection. Number of open connections: 3
[NX Daemon Server] - 2025-01-15T02:46:36.147Z - [REQUEST]: Client Request for Project Graph Received
[NX Daemon Server] - 2025-01-15T02:46:36.147Z - [REQUEST]: Responding to the client. project-graph
[NX Daemon Server] - 2025-01-15T02:46:36.148Z - Done responding to the client project-graph
[NX Daemon Server] - 2025-01-15T02:46:36.148Z - Handled REQUEST_PROJECT_GRAPH. Handling time: 0. Response time: 1.
[NX Daemon Server] - 2025-01-15T02:46:36.148Z - Time taken for 'total for creating and serializing project graph' 0.16371100000105798ms
[NX Daemon Server] - 2025-01-15T02:53:43.778Z - [WATCHER]: packages/names/package.json was modified
[NX Daemon Server] - 2025-01-15T02:53:43.779Z - [REQUEST]: Responding to the client. File watch changed
[NX Daemon Server] - 2025-01-15T02:53:43.779Z - Done responding to the client File watch changed
[NX Daemon Server] - 2025-01-15T02:53:43.779Z - Handled FILE-WATCH-CHANGED. Handling time: 0. Response time: 0.
[NX Daemon Server] - 2025-01-15T02:53:43.780Z - [WATCHER]: Processing file changes in outputs
[NX Daemon Server] - 2025-01-15T02:53:43.780Z - Time taken for 'changed-projects' 0.10838699998566881ms
[NX Daemon Server] - 2025-01-15T02:53:43.879Z - [REQUEST]: Updated workspace context based on watched changes, recomputing project graph...
[NX Daemon Server] - 2025-01-15T02:53:43.879Z - [REQUEST]: packages/names/package.json
[NX Daemon Server] - 2025-01-15T02:53:43.879Z - [REQUEST]: 
[NX Daemon Server] - 2025-01-15T02:53:43.887Z - Time taken for 'hash changed files from watcher' 0.10253000003285706ms
[NX Daemon Server] - 2025-01-15T02:53:43.893Z - Time taken for 'build-project-configs' 10.009215999976732ms
[NX Daemon Server] - 2025-01-15T02:53:43.894Z - Time taken for '@nx/js/typescript:createDependencies' 2.225393000000622ms
[NX Daemon Server] - 2025-01-15T02:53:44.092Z - Time taken for 'total execution time for createProjectGraph()' 200.90038499998627ms
[NX Daemon Server] - 2025-01-15T02:53:44.284Z - [REQUEST]: Client Request for Project Graph Received
[NX Daemon Server] - 2025-01-15T02:53:44.285Z - [REQUEST]: Responding to the client with an error. Error when preparing serialized project graph. Failed to process project graph. Run "nx reset" to fix this. Please report the issue if you keep seeing it.
Failed to process project graph. Run "nx reset" to fix this. Please report the issue if you keep seeing it.
      MultipleProjectsWithSameNameError: The following projects are defined in multiple locations:
  - util: 
    - packages/names
    - packages/util
  
  To fix this, set a unique name for each project in a project.json inside the project's root. If the project does not currently have a project.json, you can create one that contains only a name.
      at validateAndNormalizeProjectRootMap (/home/daniel/Documents/Coding_Projects/ai-ml/2ndBrain_Joose/tuskydesign/node_modules/nx/src/project-graph/utils/project-configuration-utils.js:467:15)
      at mergeCreateNodesResults (/home/daniel/Documents/Coding_Projects/ai-ml/2ndBrain_Joose/tuskydesign/node_modules/nx/src/project-graph/utils/project-configuration-utils.js:353:9)
      at /home/daniel/Documents/Coding_Projects/ai-ml/2ndBrain_Joose/tuskydesign/node_modules/nx/src/project-graph/utils/project-configuration-utils.js:298:85
      at process.processTicksAndRejections (node:internal/process/task_queues:95:5)
      at async processFilesAndCreateAndSerializeProjectGraph (/home/daniel/Documents/Coding_Projects/ai-ml/2ndBrain_Joose/tuskydesign/node_modules/nx/src/daemon/server/project-graph-incremental-recomputation.js:160:43)
      at async Timeout._onTimeout (/home/daniel/Documents/Coding_Projects/ai-ml/2ndBrain_Joose/tuskydesign/node_modules/nx/src/daemon/server/project-graph-incremental-recomputation.js:94:38)
[NX Daemon Server] - 2025-01-15T02:53:44.287Z - Done responding to the client null
[NX Daemon Server] - 2025-01-15T02:53:44.287Z - Handled REQUEST_PROJECT_GRAPH. Handling time: 0. Response time: 3.
[NX Daemon Server] - 2025-01-15T02:54:05.102Z - [WATCHER]: packages/names/package.json was modified
[NX Daemon Server] - 2025-01-15T02:54:05.102Z - [REQUEST]: Responding to the client. File watch changed
[NX Daemon Server] - 2025-01-15T02:54:05.102Z - Done responding to the client File watch changed
[NX Daemon Server] - 2025-01-15T02:54:05.103Z - Handled FILE-WATCH-CHANGED. Handling time: 0. Response time: 1.
[NX Daemon Server] - 2025-01-15T02:54:05.103Z - Time taken for 'changed-projects' 0.08692800003336743ms
[NX Daemon Server] - 2025-01-15T02:54:05.103Z - [WATCHER]: Processing file changes in outputs
[NX Daemon Server] - 2025-01-15T02:54:05.203Z - [REQUEST]: Updated workspace context based on watched changes, recomputing project graph...
[NX Daemon Server] - 2025-01-15T02:54:05.203Z - [REQUEST]: packages/names/package.json
[NX Daemon Server] - 2025-01-15T02:54:05.203Z - [REQUEST]: 
[NX Daemon Server] - 2025-01-15T02:54:05.214Z - Time taken for 'hash changed files from watcher' 0.2319419999839738ms
[NX Daemon Server] - 2025-01-15T02:54:05.223Z - Time taken for 'build-project-configs' 16.3933229999966ms
[NX Daemon Server] - 2025-01-15T02:54:05.224Z - Time taken for '@nx/js/typescript:createDependencies' 1.6094189999857917ms
[NX Daemon Server] - 2025-01-15T02:54:05.240Z - [SYNC]: collect registered sync generators
[NX Daemon Server] - 2025-01-15T02:54:05.241Z - [SYNC]: nx.json hash is the same, not collecting global sync generators
[NX Daemon Server] - 2025-01-15T02:54:05.241Z - [SYNC]: scheduling: ["@nx/js:typescript-sync"]
[NX Daemon Server] - 2025-01-15T02:54:05.241Z - Time taken for 'total execution time for createProjectGraph()' 16.40047200000845ms
[NX Daemon Server] - 2025-01-15T02:54:05.441Z - [SYNC]: running scheduled generator @nx/js:typescript-sync
[NX Daemon Server] - 2025-01-15T02:54:05.443Z - [REQUEST]: Client Request for Project Graph Received
[NX Daemon Server] - 2025-01-15T02:54:05.443Z - [REQUEST]: Responding to the client. project-graph
[NX Daemon Server] - 2025-01-15T02:54:05.443Z - Done responding to the client project-graph
[NX Daemon Server] - 2025-01-15T02:54:05.443Z - Handled REQUEST_PROJECT_GRAPH. Handling time: 0. Response time: 0.
[NX Daemon Server] - 2025-01-15T02:54:05.443Z - Time taken for 'total for creating and serializing project graph' 0.16137799998978153ms
[NX Daemon Server] - 2025-01-15T02:54:05.462Z - [SYNC]: @nx/js:typescript-sync changes: packages/zoo/tsconfig.lib.json, packages/zoo/tsconfig.json
[NX Daemon Server] - 2025-01-15T02:54:05.462Z - Time taken for 'run-sync-generator:@nx/js:typescript-sync' 20.811856999993324ms
[NX Daemon Server] - 2025-01-15T02:54:05.604Z - [REQUEST]: Client Request for Project Graph Received
[NX Daemon Server] - 2025-01-15T02:54:05.604Z - [REQUEST]: Responding to the client. project-graph
[NX Daemon Server] - 2025-01-15T02:54:05.605Z - Done responding to the client project-graph
[NX Daemon Server] - 2025-01-15T02:54:05.605Z - Handled REQUEST_PROJECT_GRAPH. Handling time: 0. Response time: 1.
[NX Daemon Server] - 2025-01-15T02:54:05.605Z - Time taken for 'total for creating and serializing project graph' 0.19747100002132356ms
[NX Daemon Server] - 2025-01-15T02:54:35.931Z - [WATCHER]: packages/names/package.json was modified
[NX Daemon Server] - 2025-01-15T02:54:35.932Z - [REQUEST]: Responding to the client. File watch changed
[NX Daemon Server] - 2025-01-15T02:54:35.932Z - Done responding to the client File watch changed
[NX Daemon Server] - 2025-01-15T02:54:35.932Z - Handled FILE-WATCH-CHANGED. Handling time: 0. Response time: 0.
[NX Daemon Server] - 2025-01-15T02:54:35.932Z - [WATCHER]: Processing file changes in outputs
[NX Daemon Server] - 2025-01-15T02:54:35.932Z - Time taken for 'changed-projects' 0.05953199998475611ms
[NX Daemon Server] - 2025-01-15T02:54:36.032Z - [REQUEST]: Updated workspace context based on watched changes, recomputing project graph...
[NX Daemon Server] - 2025-01-15T02:54:36.032Z - [REQUEST]: packages/names/package.json
[NX Daemon Server] - 2025-01-15T02:54:36.032Z - [REQUEST]: 
[NX Daemon Server] - 2025-01-15T02:54:36.037Z - Time taken for 'hash changed files from watcher' 0.07521899999119341ms
[NX Daemon Server] - 2025-01-15T02:54:36.042Z - Time taken for 'build-project-configs' 6.787358000001404ms
[NX Daemon Server] - 2025-01-15T02:54:36.042Z - Time taken for '@nx/js/typescript:createDependencies' 1.6158339999965392ms
[NX Daemon Server] - 2025-01-15T02:54:36.048Z - [SYNC]: collect registered sync generators
[NX Daemon Server] - 2025-01-15T02:54:36.048Z - [SYNC]: project graph hash is the same, not collecting task sync generators
[NX Daemon Server] - 2025-01-15T02:54:36.048Z - [SYNC]: nx.json hash is the same, not collecting global sync generators
[NX Daemon Server] - 2025-01-15T02:54:36.048Z - [SYNC]: scheduling: ["@nx/js:typescript-sync"]
[NX Daemon Server] - 2025-01-15T02:54:36.049Z - Time taken for 'total execution time for createProjectGraph()' 6.4587070000125095ms
[NX Daemon Server] - 2025-01-15T02:54:36.432Z - [REQUEST]: Client Request for Project Graph Received
[NX Daemon Server] - 2025-01-15T02:54:36.433Z - [REQUEST]: Responding to the client. project-graph
[NX Daemon Server] - 2025-01-15T02:54:36.433Z - Done responding to the client project-graph
[NX Daemon Server] - 2025-01-15T02:54:36.433Z - Handled REQUEST_PROJECT_GRAPH. Handling time: 1. Response time: 0.
[NX Daemon Server] - 2025-01-15T02:54:36.433Z - Time taken for 'total for creating and serializing project graph' 0.27080299996305257ms
[NX Daemon Server] - 2025-01-15T02:54:36.448Z - [SYNC]: running scheduled generator @nx/js:typescript-sync
[NX Daemon Server] - 2025-01-15T02:54:36.449Z - [REQUEST]: Client Request for Project Graph Received
[NX Daemon Server] - 2025-01-15T02:54:36.449Z - [REQUEST]: Responding to the client. project-graph
[NX Daemon Server] - 2025-01-15T02:54:36.449Z - Done responding to the client project-graph
[NX Daemon Server] - 2025-01-15T02:54:36.449Z - Handled REQUEST_PROJECT_GRAPH. Handling time: 0. Response time: 0.
[NX Daemon Server] - 2025-01-15T02:54:36.449Z - Time taken for 'total for creating and serializing project graph' 0.1980980000225827ms
[NX Daemon Server] - 2025-01-15T02:54:36.462Z - [SYNC]: @nx/js:typescript-sync changes: packages/zoo/tsconfig.lib.json, packages/zoo/tsconfig.json
[NX Daemon Server] - 2025-01-15T02:54:36.462Z - Time taken for 'run-sync-generator:@nx/js:typescript-sync' 13.969062999996822ms
[NX Daemon Server] - 2025-01-15T02:54:43.698Z - Established a connection. Number of open connections: 4
[NX Daemon Server] - 2025-01-15T02:54:43.699Z - Closed a connection. Number of open connections: 3
[NX Daemon Server] - 2025-01-15T02:54:43.699Z - Established a connection. Number of open connections: 4
[NX Daemon Server] - 2025-01-15T02:54:43.701Z - [REQUEST]: Responding to the client. Shutdown initiated
[NX Daemon Server] - 2025-01-15T02:54:43.701Z - Done responding to the client Shutdown initiated
[NX Daemon Server] - 2025-01-15T02:54:43.701Z - Handled FORCE_SHUTDOWN. Handling time: 0. Response time: 0.
[NX Daemon Server] - 2025-01-15T02:54:43.701Z - Closed a connection. Number of open connections: 3
[NX Daemon Server] - 2025-01-15T02:54:43.701Z - Closed a connection. Number of open connections: 2
[NX Daemon Server] - 2025-01-15T02:54:43.701Z - Closed a connection. Number of open connections: 1
[NX Daemon Server] - 2025-01-15T02:54:43.701Z - Closed a connection. Number of open connections: 0
[NX Daemon Server] - 2025-01-15T02:54:43.701Z - [WATCHER]: Stopping the watcher for /home/daniel/Documents/Coding_Projects/ai-ml/2ndBrain_Joose/tuskydesign (sources)
[NX Daemon Server] - 2025-01-15T02:54:43.702Z - [WATCHER]: Stopping the watcher for /home/daniel/Documents/Coding_Projects/ai-ml/2ndBrain_Joose/tuskydesign (outputs)
[NX Daemon Server] - 2025-01-15T02:54:44.543Z - Started listening on: /tmp/1c1781ad4910766e6c3a/d.sock
[NX Daemon Server] - 2025-01-15T02:54:44.544Z - [WATCHER]: Subscribed to changes within: /home/daniel/Documents/Coding_Projects/ai-ml/2ndBrain_Joose/tuskydesign (native)
[NX Daemon Server] - 2025-01-15T02:54:44.553Z - Established a connection. Number of open connections: 1
[NX Daemon Server] - 2025-01-15T02:54:44.554Z - Closed a connection. Number of open connections: 0
[NX Daemon Server] - 2025-01-15T02:54:44.567Z - Established a connection. Number of open connections: 1
[NX Daemon Server] - 2025-01-15T02:54:44.567Z - Established a connection. Number of open connections: 2
[NX Daemon Server] - 2025-01-15T02:54:44.568Z - Closed a connection. Number of open connections: 1
[NX Daemon Server] - 2025-01-15T02:54:44.569Z - [REQUEST]: Client Request for Project Graph Received
[NX Daemon Server] - 2025-01-15T02:54:44.740Z - Time taken for 'Load Nx Plugin: /home/daniel/Documents/Coding_Projects/ai-ml/2ndBrain_Joose/tuskydesign/node_modules/nx/src/plugins/package-json' 169.204964ms
[NX Daemon Server] - 2025-01-15T02:54:44.741Z - Time taken for 'Load Nx Plugin: /home/daniel/Documents/Coding_Projects/ai-ml/2ndBrain_Joose/tuskydesign/node_modules/nx/src/plugins/js' 170.12546799999998ms
[NX Daemon Server] - 2025-01-15T02:54:44.750Z - Time taken for 'Load Nx Plugin: /home/daniel/Documents/Coding_Projects/ai-ml/2ndBrain_Joose/tuskydesign/node_modules/nx/src/plugins/project-json/build-nodes/project-json' 179.200107ms
[NX Daemon Server] - 2025-01-15T02:54:44.773Z - [REQUEST]: Updated workspace context based on watched changes, recomputing project graph...
[NX Daemon Server] - 2025-01-15T02:54:44.773Z - [REQUEST]: 
[NX Daemon Server] - 2025-01-15T02:54:44.773Z - [REQUEST]: 
[NX Daemon Server] - 2025-01-15T02:54:44.782Z - Time taken for 'loadNxPlugins' 203.11527ms
[NX Daemon Server] - 2025-01-15T02:54:44.981Z - Time taken for 'build-project-configs' 195.281764ms
[NX Daemon Server] - 2025-01-15T02:54:44.982Z - Time taken for '@nx/js/typescript:createDependencies' 1.8220680000000584ms
[NX Daemon Server] - 2025-01-15T02:54:44.990Z - [SYNC]: collect registered sync generators
[NX Daemon Server] - 2025-01-15T02:54:44.991Z - [SYNC]: scheduling: ["@nx/js:typescript-sync"]
[NX Daemon Server] - 2025-01-15T02:54:44.991Z - [REQUEST]: Responding to the client. project-graph
[NX Daemon Server] - 2025-01-15T02:54:44.991Z - Done responding to the client project-graph
[NX Daemon Server] - 2025-01-15T02:54:44.991Z - Handled REQUEST_PROJECT_GRAPH. Handling time: 422. Response time: 0.
[NX Daemon Server] - 2025-01-15T02:54:44.991Z - Time taken for 'total for creating and serializing project graph' 422.212722ms
[NX Daemon Server] - 2025-01-15T02:54:44.994Z - [REQUEST]: Responding to the client. handleContextFileData
[NX Daemon Server] - 2025-01-15T02:54:44.994Z - Done responding to the client handleContextFileData
[NX Daemon Server] - 2025-01-15T02:54:44.994Z - Handled GET_CONTEXT_FILE_DATA. Handling time: 0. Response time: 0.
[NX Daemon Server] - 2025-01-15T02:54:44.995Z - Closed a connection. Number of open connections: 0
[NX Daemon Server] - 2025-01-15T02:54:45.047Z - Established a connection. Number of open connections: 1
[NX Daemon Server] - 2025-01-15T02:54:45.047Z - Established a connection. Number of open connections: 2
[NX Daemon Server] - 2025-01-15T02:54:45.047Z - Closed a connection. Number of open connections: 1
[NX Daemon Server] - 2025-01-15T02:54:45.047Z - [REQUEST]: Client Request for Project Graph Received
[NX Daemon Server] - 2025-01-15T02:54:45.047Z - [REQUEST]: Responding to the client. project-graph
[NX Daemon Server] - 2025-01-15T02:54:45.048Z - Done responding to the client project-graph
[NX Daemon Server] - 2025-01-15T02:54:45.048Z - Handled REQUEST_PROJECT_GRAPH. Handling time: 0. Response time: 1.
[NX Daemon Server] - 2025-01-15T02:54:45.048Z - Time taken for 'total for creating and serializing project graph' 0.16407299999991665ms
[NX Daemon Server] - 2025-01-15T02:54:45.049Z - [REQUEST]: Client Request for Project Graph Received
[NX Daemon Server] - 2025-01-15T02:54:45.049Z - [REQUEST]: Responding to the client. project-graph
[NX Daemon Server] - 2025-01-15T02:54:45.049Z - Done responding to the client project-graph
[NX Daemon Server] - 2025-01-15T02:54:45.049Z - Handled REQUEST_PROJECT_GRAPH. Handling time: 0. Response time: 0.
[NX Daemon Server] - 2025-01-15T02:54:45.050Z - Time taken for 'total for creating and serializing project graph' 0.146492999999964ms
[NX Daemon Server] - 2025-01-15T02:54:45.051Z - Established a connection. Number of open connections: 2
[NX Daemon Server] - 2025-01-15T02:54:45.056Z - Established a connection. Number of open connections: 3
[NX Daemon Server] - 2025-01-15T02:54:45.057Z - [REQUEST]: Client Request for Project Graph Received
[NX Daemon Server] - 2025-01-15T02:54:45.057Z - [REQUEST]: Responding to the client. project-graph
[NX Daemon Server] - 2025-01-15T02:54:45.057Z - Done responding to the client project-graph
[NX Daemon Server] - 2025-01-15T02:54:45.057Z - Handled REQUEST_PROJECT_GRAPH. Handling time: 0. Response time: 0.
[NX Daemon Server] - 2025-01-15T02:54:45.057Z - Time taken for 'total for creating and serializing project graph' 0.24388599999997496ms
[NX Daemon Server] - 2025-01-15T02:54:45.057Z - Closed a connection. Number of open connections: 2
[NX Daemon Server] - 2025-01-15T02:54:45.059Z - [REQUEST]: Responding to the client. handleContextFileData
[NX Daemon Server] - 2025-01-15T02:54:45.059Z - Done responding to the client handleContextFileData
[NX Daemon Server] - 2025-01-15T02:54:45.059Z - Handled GET_CONTEXT_FILE_DATA. Handling time: 0. Response time: 0.
[NX Daemon Server] - 2025-01-15T02:54:45.059Z - Closed a connection. Number of open connections: 1
[NX Daemon Server] - 2025-01-15T02:54:45.086Z - Closed a connection. Number of open connections: 0
[NX Daemon Server] - 2025-01-15T02:54:45.087Z - Established a connection. Number of open connections: 1
[NX Daemon Server] - 2025-01-15T02:54:45.088Z - Established a connection. Number of open connections: 2
[NX Daemon Server] - 2025-01-15T02:54:45.088Z - Closed a connection. Number of open connections: 1
[NX Daemon Server] - 2025-01-15T02:54:45.088Z - [REQUEST]: Client Request for Project Graph Received
[NX Daemon Server] - 2025-01-15T02:54:45.088Z - [REQUEST]: Responding to the client. project-graph
[NX Daemon Server] - 2025-01-15T02:54:45.088Z - Done responding to the client project-graph
[NX Daemon Server] - 2025-01-15T02:54:45.088Z - Handled REQUEST_PROJECT_GRAPH. Handling time: 0. Response time: 0.
[NX Daemon Server] - 2025-01-15T02:54:45.089Z - Time taken for 'total for creating and serializing project graph' 0.1523090000000593ms
[NX Daemon Server] - 2025-01-15T02:54:45.090Z - [REQUEST]: Client Request for Project Graph Received
[NX Daemon Server] - 2025-01-15T02:54:45.090Z - [REQUEST]: Responding to the client. project-graph
[NX Daemon Server] - 2025-01-15T02:54:45.090Z - Done responding to the client project-graph
[NX Daemon Server] - 2025-01-15T02:54:45.090Z - Handled REQUEST_PROJECT_GRAPH. Handling time: 0. Response time: 0.
[NX Daemon Server] - 2025-01-15T02:54:45.090Z - Time taken for 'total for creating and serializing project graph' 0.14572799999996278ms
[NX Daemon Server] - 2025-01-15T02:54:45.092Z - [SYNC]: running scheduled generator @nx/js:typescript-sync
[NX Daemon Server] - 2025-01-15T02:54:45.287Z - Established a connection. Number of open connections: 2
[NX Daemon Server] - 2025-01-15T02:54:45.287Z - Established a connection. Number of open connections: 3
[NX Daemon Server] - 2025-01-15T02:54:45.288Z - Established a connection. Number of open connections: 4
[NX Daemon Server] - 2025-01-15T02:54:45.288Z - Closed a connection. Number of open connections: 3
[NX Daemon Server] - 2025-01-15T02:54:45.288Z - [REQUEST]: Client Request for Project Graph Received
[NX Daemon Server] - 2025-01-15T02:54:45.289Z - [REQUEST]: Responding to the client. project-graph
[NX Daemon Server] - 2025-01-15T02:54:45.289Z - Done responding to the client project-graph
[NX Daemon Server] - 2025-01-15T02:54:45.289Z - Handled REQUEST_PROJECT_GRAPH. Handling time: 1. Response time: 0.
[NX Daemon Server] - 2025-01-15T02:54:45.289Z - Time taken for 'total for creating and serializing project graph' 0.15679000000000087ms
[NX Daemon Server] - 2025-01-15T02:54:45.318Z - [SYNC]: @nx/js:typescript-sync changes: packages/zoo/tsconfig.lib.json, packages/zoo/tsconfig.json
[NX Daemon Server] - 2025-01-15T02:54:45.318Z - Time taken for 'run-sync-generator:@nx/js:typescript-sync' 225.55518100000006ms
[NX Daemon Server] - 2025-01-15T02:54:45.563Z - Established a connection. Number of open connections: 4
[NX Daemon Server] - 2025-01-15T02:54:45.564Z - Closed a connection. Number of open connections: 3
[NX Daemon Server] - 2025-01-15T02:54:45.565Z - Established a connection. Number of open connections: 4
[NX Daemon Server] - 2025-01-15T02:54:45.568Z - [REQUEST]: Client Request for Project Graph Received
[NX Daemon Server] - 2025-01-15T02:54:45.568Z - [REQUEST]: Responding to the client. project-graph
[NX Daemon Server] - 2025-01-15T02:54:45.568Z - Done responding to the client project-graph
[NX Daemon Server] - 2025-01-15T02:54:45.568Z - Handled REQUEST_PROJECT_GRAPH. Handling time: 0. Response time: 0.
[NX Daemon Server] - 2025-01-15T02:54:45.568Z - Time taken for 'total for creating and serializing project graph' 0.23169099999995524ms
[NX Daemon Server] - 2025-01-15T02:54:45.578Z - [REQUEST]: Client Request for Project Graph Received
[NX Daemon Server] - 2025-01-15T02:54:45.579Z - [REQUEST]: Responding to the client. project-graph
[NX Daemon Server] - 2025-01-15T02:54:45.579Z - Done responding to the client project-graph
[NX Daemon Server] - 2025-01-15T02:54:45.579Z - Handled REQUEST_PROJECT_GRAPH. Handling time: 1. Response time: 0.
[NX Daemon Server] - 2025-01-15T02:54:45.579Z - Time taken for 'total for creating and serializing project graph' 0.198566000000028ms
[NX Daemon Server] - 2025-01-15T02:54:45.580Z - Established a connection. Number of open connections: 5
[NX Daemon Server] - 2025-01-15T02:54:45.581Z - [REQUEST]: Client Request for Project Graph Received
[NX Daemon Server] - 2025-01-15T02:54:45.581Z - [REQUEST]: Responding to the client. project-graph
[NX Daemon Server] - 2025-01-15T02:54:45.581Z - Done responding to the client project-graph
[NX Daemon Server] - 2025-01-15T02:54:45.581Z - Handled REQUEST_PROJECT_GRAPH. Handling time: 0. Response time: 0.
[NX Daemon Server] - 2025-01-15T02:54:45.581Z - Time taken for 'total for creating and serializing project graph' 0.1657559999998739ms
[NX Daemon Server] - 2025-01-15T02:57:07.567Z - [WATCHER]: packages/names/package.json was modified
[NX Daemon Server] - 2025-01-15T02:57:07.567Z - [REQUEST]: Responding to the client. File watch changed
[NX Daemon Server] - 2025-01-15T02:57:07.567Z - [REQUEST]: Responding to the client. File watch changed
[NX Daemon Server] - 2025-01-15T02:57:07.567Z - Done responding to the client File watch changed
[NX Daemon Server] - 2025-01-15T02:57:07.567Z - Done responding to the client File watch changed
[NX Daemon Server] - 2025-01-15T02:57:07.567Z - Handled FILE-WATCH-CHANGED. Handling time: 0. Response time: 0.
[NX Daemon Server] - 2025-01-15T02:57:07.568Z - Handled FILE-WATCH-CHANGED. Handling time: 0. Response time: 1.
[NX Daemon Server] - 2025-01-15T02:57:07.568Z - [WATCHER]: Processing file changes in outputs
[NX Daemon Server] - 2025-01-15T02:57:07.568Z - Time taken for 'changed-projects' 0.0787080000154674ms
[NX Daemon Server] - 2025-01-15T02:57:07.668Z - [REQUEST]: Updated workspace context based on watched changes, recomputing project graph...
[NX Daemon Server] - 2025-01-15T02:57:07.668Z - [REQUEST]: packages/names/package.json
[NX Daemon Server] - 2025-01-15T02:57:07.668Z - [REQUEST]: 
[NX Daemon Server] - 2025-01-15T02:57:07.674Z - Time taken for 'hash changed files from watcher' 0.0856389999971725ms
[NX Daemon Server] - 2025-01-15T02:57:07.680Z - Time taken for 'build-project-configs' 8.515168999991147ms
[NX Daemon Server] - 2025-01-15T02:57:07.680Z - Time taken for '@nx/js/typescript:createDependencies' 1.9861260000034235ms
[NX Daemon Server] - 2025-01-15T02:57:07.869Z - [SYNC]: collect registered sync generators
[NX Daemon Server] - 2025-01-15T02:57:07.869Z - [SYNC]: nx.json hash is the same, not collecting global sync generators
[NX Daemon Server] - 2025-01-15T02:57:07.869Z - [SYNC]: scheduling: ["@nx/js:typescript-sync"]
[NX Daemon Server] - 2025-01-15T02:57:07.869Z - Time taken for 'total execution time for createProjectGraph()' 188.9230760000064ms
[NX Daemon Server] - 2025-01-15T02:57:08.069Z - [SYNC]: running scheduled generator @nx/js:typescript-sync
[NX Daemon Server] - 2025-01-15T02:57:08.070Z - [REQUEST]: Client Request for Project Graph Received
[NX Daemon Server] - 2025-01-15T02:57:08.070Z - [REQUEST]: Responding to the client. project-graph
[NX Daemon Server] - 2025-01-15T02:57:08.071Z - Done responding to the client project-graph
[NX Daemon Server] - 2025-01-15T02:57:08.071Z - Handled REQUEST_PROJECT_GRAPH. Handling time: 0. Response time: 1.
[NX Daemon Server] - 2025-01-15T02:57:08.071Z - Time taken for 'total for creating and serializing project graph' 0.15264099999330938ms
[NX Daemon Server] - 2025-01-15T02:57:08.086Z - [SYNC]: @nx/js:typescript-sync changes: 
[NX Daemon Server] - 2025-01-15T02:57:08.086Z - Time taken for 'run-sync-generator:@nx/js:typescript-sync' 16.574018000013893ms
[NX Daemon Server] - 2025-01-15T02:57:08.086Z - [REQUEST]: Client Request for Project Graph Received
[NX Daemon Server] - 2025-01-15T02:57:08.087Z - [REQUEST]: Responding to the client. project-graph
[NX Daemon Server] - 2025-01-15T02:57:08.087Z - Done responding to the client project-graph
[NX Daemon Server] - 2025-01-15T02:57:08.087Z - Handled REQUEST_PROJECT_GRAPH. Handling time: 1. Response time: 0.
[NX Daemon Server] - 2025-01-15T02:57:08.087Z - Time taken for 'total for creating and serializing project graph' 0.16236399998888373ms
[NX Daemon Server] - 2025-01-15T02:57:08.572Z - Established a connection. Number of open connections: 6
[NX Daemon Server] - 2025-01-15T02:57:08.574Z - [REQUEST]: Client Request for Project Graph Received
[NX Daemon Server] - 2025-01-15T02:57:08.574Z - [REQUEST]: Responding to the client. project-graph
[NX Daemon Server] - 2025-01-15T02:57:08.574Z - Done responding to the client project-graph
[NX Daemon Server] - 2025-01-15T02:57:08.574Z - Handled REQUEST_PROJECT_GRAPH. Handling time: 0. Response time: 0.
[NX Daemon Server] - 2025-01-15T02:57:08.575Z - Time taken for 'total for creating and serializing project graph' 0.3021219999936875ms
[NX Daemon Server] - 2025-01-15T02:57:08.575Z - Closed a connection. Number of open connections: 5
[NX Daemon Server] - 2025-01-15T02:57:08.577Z - [REQUEST]: Responding to the client. handleContextFileData
[NX Daemon Server] - 2025-01-15T02:57:08.577Z - Done responding to the client handleContextFileData
[NX Daemon Server] - 2025-01-15T02:57:08.577Z - Handled GET_CONTEXT_FILE_DATA. Handling time: 0. Response time: 0.
[NX Daemon Server] - 2025-01-15T02:57:08.578Z - Closed a connection. Number of open connections: 4
[NX Daemon Server] - 2025-01-15T02:57:08.598Z - Closed a connection. Number of open connections: 3
[NX Daemon Server] - 2025-01-15T02:57:08.599Z - Established a connection. Number of open connections: 4
[NX Daemon Server] - 2025-01-15T02:57:08.599Z - Established a connection. Number of open connections: 5
[NX Daemon Server] - 2025-01-15T02:57:08.599Z - Closed a connection. Number of open connections: 4
[NX Daemon Server] - 2025-01-15T02:57:08.600Z - [REQUEST]: Client Request for Project Graph Received
[NX Daemon Server] - 2025-01-15T02:57:08.600Z - [REQUEST]: Responding to the client. project-graph
[NX Daemon Server] - 2025-01-15T02:57:08.600Z - Done responding to the client project-graph
[NX Daemon Server] - 2025-01-15T02:57:08.600Z - Handled REQUEST_PROJECT_GRAPH. Handling time: 1. Response time: 0.
[NX Daemon Server] - 2025-01-15T02:57:08.600Z - Time taken for 'total for creating and serializing project graph' 0.18685500000719912ms
[NX Daemon Server] - 2025-01-15T02:57:08.601Z - [REQUEST]: Client Request for Project Graph Received
[NX Daemon Server] - 2025-01-15T02:57:08.602Z - [REQUEST]: Responding to the client. project-graph
[NX Daemon Server] - 2025-01-15T02:57:08.602Z - Done responding to the client project-graph
[NX Daemon Server] - 2025-01-15T02:57:08.602Z - Handled REQUEST_PROJECT_GRAPH. Handling time: 1. Response time: 0.
[NX Daemon Server] - 2025-01-15T02:57:08.602Z - Time taken for 'total for creating and serializing project graph' 0.22055000002728775ms
[NX Daemon Server] - 2025-01-15T02:57:08.603Z - Established a connection. Number of open connections: 5
[NX Daemon Server] - 2025-01-15T02:57:27.397Z - [WATCHER]: packages/names/package.json was modified
[NX Daemon Server] - 2025-01-15T02:57:27.397Z - [REQUEST]: Responding to the client. File watch changed
[NX Daemon Server] - 2025-01-15T02:57:27.397Z - [REQUEST]: Responding to the client. File watch changed
[NX Daemon Server] - 2025-01-15T02:57:27.397Z - Done responding to the client File watch changed
[NX Daemon Server] - 2025-01-15T02:57:27.397Z - Done responding to the client File watch changed
[NX Daemon Server] - 2025-01-15T02:57:27.397Z - Handled FILE-WATCH-CHANGED. Handling time: 0. Response time: 0.
[NX Daemon Server] - 2025-01-15T02:57:27.397Z - Handled FILE-WATCH-CHANGED. Handling time: 0. Response time: 0.
[NX Daemon Server] - 2025-01-15T02:57:27.398Z - [WATCHER]: Processing file changes in outputs
[NX Daemon Server] - 2025-01-15T02:57:27.398Z - Time taken for 'changed-projects' 0.061671000003116205ms
[NX Daemon Server] - 2025-01-15T02:57:27.498Z - [REQUEST]: Updated workspace context based on watched changes, recomputing project graph...
[NX Daemon Server] - 2025-01-15T02:57:27.498Z - [REQUEST]: packages/names/package.json
[NX Daemon Server] - 2025-01-15T02:57:27.498Z - [REQUEST]: 
[NX Daemon Server] - 2025-01-15T02:57:27.523Z - Time taken for 'hash changed files from watcher' 0.07520300001488067ms
[NX Daemon Server] - 2025-01-15T02:57:27.533Z - Time taken for 'build-project-configs' 27.53017899999395ms
[NX Daemon Server] - 2025-01-15T02:57:27.535Z - Time taken for '@nx/js/typescript:createDependencies' 4.585199999972247ms
[NX Daemon Server] - 2025-01-15T02:57:27.548Z - [SYNC]: collect registered sync generators
[NX Daemon Server] - 2025-01-15T02:57:27.548Z - [SYNC]: project graph hash is the same, not collecting task sync generators
[NX Daemon Server] - 2025-01-15T02:57:27.548Z - [SYNC]: nx.json hash is the same, not collecting global sync generators
[NX Daemon Server] - 2025-01-15T02:57:27.548Z - [SYNC]: scheduling: ["@nx/js:typescript-sync"]
[NX Daemon Server] - 2025-01-15T02:57:27.548Z - Time taken for 'total execution time for createProjectGraph()' 19.383482999983244ms
[NX Daemon Server] - 2025-01-15T02:57:27.898Z - [REQUEST]: Client Request for Project Graph Received
[NX Daemon Server] - 2025-01-15T02:57:27.898Z - [REQUEST]: Responding to the client. project-graph
[NX Daemon Server] - 2025-01-15T02:57:27.899Z - Done responding to the client project-graph
[NX Daemon Server] - 2025-01-15T02:57:27.899Z - Handled REQUEST_PROJECT_GRAPH. Handling time: 0. Response time: 1.
[NX Daemon Server] - 2025-01-15T02:57:27.899Z - Time taken for 'total for creating and serializing project graph' 0.20245599999907427ms
[NX Daemon Server] - 2025-01-15T02:57:27.948Z - [SYNC]: running scheduled generator @nx/js:typescript-sync
[NX Daemon Server] - 2025-01-15T02:57:27.949Z - [REQUEST]: Client Request for Project Graph Received
[NX Daemon Server] - 2025-01-15T02:57:27.949Z - [REQUEST]: Responding to the client. project-graph
[NX Daemon Server] - 2025-01-15T02:57:27.949Z - Done responding to the client project-graph
[NX Daemon Server] - 2025-01-15T02:57:27.949Z - Handled REQUEST_PROJECT_GRAPH. Handling time: 0. Response time: 0.
[NX Daemon Server] - 2025-01-15T02:57:27.949Z - Time taken for 'total for creating and serializing project graph' 0.13912100001471117ms
[NX Daemon Server] - 2025-01-15T02:57:27.966Z - [SYNC]: @nx/js:typescript-sync changes: 
[NX Daemon Server] - 2025-01-15T02:57:27.966Z - Time taken for 'run-sync-generator:@nx/js:typescript-sync' 17.266039999987697ms
[NX Daemon Server] - 2025-01-15T02:57:28.399Z - Established a connection. Number of open connections: 6
[NX Daemon Server] - 2025-01-15T02:57:28.400Z - [REQUEST]: Client Request for Project Graph Received
[NX Daemon Server] - 2025-01-15T02:57:28.400Z - [REQUEST]: Responding to the client. project-graph
[NX Daemon Server] - 2025-01-15T02:57:28.400Z - Done responding to the client project-graph
[NX Daemon Server] - 2025-01-15T02:57:28.400Z - Handled REQUEST_PROJECT_GRAPH. Handling time: 0. Response time: 0.
[NX Daemon Server] - 2025-01-15T02:57:28.400Z - Time taken for 'total for creating and serializing project graph' 0.16145899999537505ms
[NX Daemon Server] - 2025-01-15T02:57:28.400Z - Closed a connection. Number of open connections: 5
[NX Daemon Server] - 2025-01-15T02:57:28.401Z - [REQUEST]: Responding to the client. handleContextFileData
[NX Daemon Server] - 2025-01-15T02:57:28.402Z - Done responding to the client handleContextFileData
[NX Daemon Server] - 2025-01-15T02:57:28.402Z - Handled GET_CONTEXT_FILE_DATA. Handling time: 0. Response time: 1.
[NX Daemon Server] - 2025-01-15T02:57:28.402Z - Closed a connection. Number of open connections: 4
[NX Daemon Server] - 2025-01-15T02:57:28.416Z - Closed a connection. Number of open connections: 3
[NX Daemon Server] - 2025-01-15T02:57:28.417Z - Established a connection. Number of open connections: 4
[NX Daemon Server] - 2025-01-15T02:57:28.417Z - Established a connection. Number of open connections: 5
[NX Daemon Server] - 2025-01-15T02:57:28.418Z - Closed a connection. Number of open connections: 4
[NX Daemon Server] - 2025-01-15T02:57:28.418Z - [REQUEST]: Client Request for Project Graph Received
[NX Daemon Server] - 2025-01-15T02:57:28.418Z - [REQUEST]: Responding to the client. project-graph
[NX Daemon Server] - 2025-01-15T02:57:28.418Z - Done responding to the client project-graph
[NX Daemon Server] - 2025-01-15T02:57:28.418Z - Handled REQUEST_PROJECT_GRAPH. Handling time: 0. Response time: 0.
[NX Daemon Server] - 2025-01-15T02:57:28.418Z - Time taken for 'total for creating and serializing project graph' 0.17004500000621192ms
[NX Daemon Server] - 2025-01-15T02:57:28.420Z - [REQUEST]: Client Request for Project Graph Received
[NX Daemon Server] - 2025-01-15T02:57:28.420Z - [REQUEST]: Responding to the client. project-graph
[NX Daemon Server] - 2025-01-15T02:57:28.420Z - Done responding to the client project-graph
[NX Daemon Server] - 2025-01-15T02:57:28.420Z - Handled REQUEST_PROJECT_GRAPH. Handling time: 0. Response time: 0.
[NX Daemon Server] - 2025-01-15T02:57:28.420Z - Time taken for 'total for creating and serializing project graph' 0.15980100000160746ms
[NX Daemon Server] - 2025-01-15T02:57:28.421Z - Established a connection. Number of open connections: 5
[NX Daemon Server] - 2025-01-15T02:57:36.059Z - Established a connection. Number of open connections: 6
[NX Daemon Server] - 2025-01-15T02:57:36.059Z - Closed a connection. Number of open connections: 5
[NX Daemon Server] - 2025-01-15T02:57:36.060Z - Established a connection. Number of open connections: 6
[NX Daemon Server] - 2025-01-15T02:57:36.061Z - [REQUEST]: Client Request for Project Graph Received
[NX Daemon Server] - 2025-01-15T02:57:36.061Z - [REQUEST]: Responding to the client. project-graph
[NX Daemon Server] - 2025-01-15T02:57:36.061Z - Done responding to the client project-graph
[NX Daemon Server] - 2025-01-15T02:57:36.061Z - Handled REQUEST_PROJECT_GRAPH. Handling time: 0. Response time: 0.
[NX Daemon Server] - 2025-01-15T02:57:36.061Z - Time taken for 'total for creating and serializing project graph' 0.13862899999367073ms
[NX Daemon Server] - 2025-01-15T02:57:36.293Z - Closed a connection. Number of open connections: 5
[NX Daemon Server] - 2025-01-15T02:58:51.417Z - Established a connection. Number of open connections: 6
[NX Daemon Server] - 2025-01-15T02:58:51.417Z - Closed a connection. Number of open connections: 5
[NX Daemon Server] - 2025-01-15T02:58:51.418Z - Established a connection. Number of open connections: 6
[NX Daemon Server] - 2025-01-15T02:58:51.419Z - [REQUEST]: Client Request for Project Graph Received
[NX Daemon Server] - 2025-01-15T02:58:51.419Z - [REQUEST]: Responding to the client. project-graph
[NX Daemon Server] - 2025-01-15T02:58:51.419Z - Done responding to the client project-graph
[NX Daemon Server] - 2025-01-15T02:58:51.419Z - Handled REQUEST_PROJECT_GRAPH. Handling time: 0. Response time: 0.
[NX Daemon Server] - 2025-01-15T02:58:51.419Z - Time taken for 'total for creating and serializing project graph' 0.1859519999998156ms
[NX Daemon Server] - 2025-01-15T02:58:51.464Z - Closed a connection. Number of open connections: 5
[NX Daemon Server] - 2025-01-15T02:58:52.301Z - Established a connection. Number of open connections: 6
[NX Daemon Server] - 2025-01-15T02:58:52.302Z - Closed a connection. Number of open connections: 5
[NX Daemon Server] - 2025-01-15T02:58:52.303Z - Established a connection. Number of open connections: 6
[NX Daemon Server] - 2025-01-15T02:58:52.304Z - [REQUEST]: Client Request for Project Graph Received
[NX Daemon Server] - 2025-01-15T02:58:52.304Z - [REQUEST]: Responding to the client. project-graph
[NX Daemon Server] - 2025-01-15T02:58:52.304Z - Done responding to the client project-graph
[NX Daemon Server] - 2025-01-15T02:58:52.304Z - Handled REQUEST_PROJECT_GRAPH. Handling time: 0. Response time: 0.
[NX Daemon Server] - 2025-01-15T02:58:52.304Z - Time taken for 'total for creating and serializing project graph' 0.1614560000016354ms
[NX Daemon Server] - 2025-01-15T02:58:52.349Z - Closed a connection. Number of open connections: 5
[NX Daemon Server] - 2025-01-15T02:58:53.691Z - Established a connection. Number of open connections: 6
[NX Daemon Server] - 2025-01-15T02:58:53.692Z - Closed a connection. Number of open connections: 5
[NX Daemon Server] - 2025-01-15T02:58:53.693Z - Established a connection. Number of open connections: 6
[NX Daemon Server] - 2025-01-15T02:58:53.694Z - [REQUEST]: Client Request for Project Graph Received
[NX Daemon Server] - 2025-01-15T02:58:53.694Z - [REQUEST]: Responding to the client. project-graph
[NX Daemon Server] - 2025-01-15T02:58:53.694Z - Done responding to the client project-graph
[NX Daemon Server] - 2025-01-15T02:58:53.694Z - Handled REQUEST_PROJECT_GRAPH. Handling time: 0. Response time: 0.
[NX Daemon Server] - 2025-01-15T02:58:53.694Z - Time taken for 'total for creating and serializing project graph' 0.1798220000055153ms
[NX Daemon Server] - 2025-01-15T02:58:53.740Z - Closed a connection. Number of open connections: 5
[NX Daemon Server] - 2025-01-15T02:58:55.490Z - Established a connection. Number of open connections: 6
[NX Daemon Server] - 2025-01-15T02:58:55.490Z - Closed a connection. Number of open connections: 5
[NX Daemon Server] - 2025-01-15T02:58:55.491Z - Established a connection. Number of open connections: 6
[NX Daemon Server] - 2025-01-15T02:58:55.492Z - [REQUEST]: Client Request for Project Graph Received
[NX Daemon Server] - 2025-01-15T02:58:55.492Z - [REQUEST]: Responding to the client. project-graph
[NX Daemon Server] - 2025-01-15T02:58:55.493Z - Done responding to the client project-graph
[NX Daemon Server] - 2025-01-15T02:58:55.493Z - Handled REQUEST_PROJECT_GRAPH. Handling time: 0. Response time: 1.
[NX Daemon Server] - 2025-01-15T02:58:55.493Z - Time taken for 'total for creating and serializing project graph' 0.19853299998794682ms
[NX Daemon Server] - 2025-01-15T02:58:55.537Z - Closed a connection. Number of open connections: 5
[NX Daemon Server] - 2025-01-15T02:59:16.868Z - Established a connection. Number of open connections: 6
[NX Daemon Server] - 2025-01-15T02:59:16.869Z - Closed a connection. Number of open connections: 5
[NX Daemon Server] - 2025-01-15T02:59:16.869Z - Established a connection. Number of open connections: 6
[NX Daemon Server] - 2025-01-15T02:59:16.870Z - [REQUEST]: Client Request for Project Graph Received
[NX Daemon Server] - 2025-01-15T02:59:16.871Z - [REQUEST]: Responding to the client. project-graph
[NX Daemon Server] - 2025-01-15T02:59:16.871Z - Done responding to the client project-graph
[NX Daemon Server] - 2025-01-15T02:59:16.871Z - Handled REQUEST_PROJECT_GRAPH. Handling time: 1. Response time: 0.
[NX Daemon Server] - 2025-01-15T02:59:16.871Z - Time taken for 'total for creating and serializing project graph' 0.20271300000604242ms
[NX Daemon Server] - 2025-01-15T02:59:16.918Z - Closed a connection. Number of open connections: 5
[NX Daemon Server] - 2025-01-15T02:59:18.548Z - Established a connection. Number of open connections: 6
[NX Daemon Server] - 2025-01-15T02:59:18.549Z - Closed a connection. Number of open connections: 5
[NX Daemon Server] - 2025-01-15T02:59:18.550Z - Established a connection. Number of open connections: 6
[NX Daemon Server] - 2025-01-15T02:59:18.551Z - [REQUEST]: Client Request for Project Graph Received
[NX Daemon Server] - 2025-01-15T02:59:18.551Z - [REQUEST]: Responding to the client. project-graph
[NX Daemon Server] - 2025-01-15T02:59:18.551Z - Done responding to the client project-graph
[NX Daemon Server] - 2025-01-15T02:59:18.552Z - Handled REQUEST_PROJECT_GRAPH. Handling time: 0. Response time: 1.
[NX Daemon Server] - 2025-01-15T02:59:18.552Z - Time taken for 'total for creating and serializing project graph' 0.1541399999987334ms
[NX Daemon Server] - 2025-01-15T02:59:18.607Z - Closed a connection. Number of open connections: 5
[NX Daemon Server] - 2025-01-15T02:59:46.966Z - Established a connection. Number of open connections: 6
[NX Daemon Server] - 2025-01-15T02:59:46.967Z - Closed a connection. Number of open connections: 5
[NX Daemon Server] - 2025-01-15T02:59:46.967Z - Established a connection. Number of open connections: 6
[NX Daemon Server] - 2025-01-15T02:59:46.968Z - [REQUEST]: Client Request for Project Graph Received
[NX Daemon Server] - 2025-01-15T02:59:46.968Z - [REQUEST]: Responding to the client. project-graph
[NX Daemon Server] - 2025-01-15T02:59:46.969Z - Done responding to the client project-graph
[NX Daemon Server] - 2025-01-15T02:59:46.969Z - Handled REQUEST_PROJECT_GRAPH. Handling time: 0. Response time: 1.
[NX Daemon Server] - 2025-01-15T02:59:46.969Z - Time taken for 'total for creating and serializing project graph' 0.15061800001421943ms
[NX Daemon Server] - 2025-01-15T02:59:47.015Z - Closed a connection. Number of open connections: 5
[NX Daemon Server] - 2025-01-15T02:59:47.846Z - Established a connection. Number of open connections: 6
[NX Daemon Server] - 2025-01-15T02:59:47.847Z - Closed a connection. Number of open connections: 5
[NX Daemon Server] - 2025-01-15T02:59:47.848Z - Established a connection. Number of open connections: 6
[NX Daemon Server] - 2025-01-15T02:59:47.849Z - [REQUEST]: Client Request for Project Graph Received
[NX Daemon Server] - 2025-01-15T02:59:47.849Z - [REQUEST]: Responding to the client. project-graph
[NX Daemon Server] - 2025-01-15T02:59:47.849Z - Done responding to the client project-graph
[NX Daemon Server] - 2025-01-15T02:59:47.849Z - Handled REQUEST_PROJECT_GRAPH. Handling time: 0. Response time: 0.
[NX Daemon Server] - 2025-01-15T02:59:47.849Z - Time taken for 'total for creating and serializing project graph' 0.15645099995890632ms
[NX Daemon Server] - 2025-01-15T02:59:47.893Z - Closed a connection. Number of open connections: 5
[NX Daemon Server] - 2025-01-15T02:59:49.323Z - Established a connection. Number of open connections: 6
[NX Daemon Server] - 2025-01-15T02:59:49.323Z - Closed a connection. Number of open connections: 5
[NX Daemon Server] - 2025-01-15T02:59:49.324Z - Established a connection. Number of open connections: 6
[NX Daemon Server] - 2025-01-15T02:59:49.325Z - [REQUEST]: Client Request for Project Graph Received
[NX Daemon Server] - 2025-01-15T02:59:49.325Z - [REQUEST]: Responding to the client. project-graph
[NX Daemon Server] - 2025-01-15T02:59:49.325Z - Done responding to the client project-graph
[NX Daemon Server] - 2025-01-15T02:59:49.325Z - Handled REQUEST_PROJECT_GRAPH. Handling time: 0. Response time: 0.
[NX Daemon Server] - 2025-01-15T02:59:49.325Z - Time taken for 'total for creating and serializing project graph' 0.16109100001631305ms
[NX Daemon Server] - 2025-01-15T02:59:49.370Z - Closed a connection. Number of open connections: 5
[NX Daemon Server] - 2025-01-15T02:59:50.511Z - Established a connection. Number of open connections: 6
[NX Daemon Server] - 2025-01-15T02:59:50.511Z - Closed a connection. Number of open connections: 5
[NX Daemon Server] - 2025-01-15T02:59:50.512Z - Established a connection. Number of open connections: 6
[NX Daemon Server] - 2025-01-15T02:59:50.513Z - [REQUEST]: Client Request for Project Graph Received
[NX Daemon Server] - 2025-01-15T02:59:50.513Z - [REQUEST]: Responding to the client. project-graph
[NX Daemon Server] - 2025-01-15T02:59:50.514Z - Done responding to the client project-graph
[NX Daemon Server] - 2025-01-15T02:59:50.514Z - Handled REQUEST_PROJECT_GRAPH. Handling time: 0. Response time: 1.
[NX Daemon Server] - 2025-01-15T02:59:50.514Z - Time taken for 'total for creating and serializing project graph' 0.23826199996983632ms
[NX Daemon Server] - 2025-01-15T02:59:50.557Z - Closed a connection. Number of open connections: 5
[NX Daemon Server] - 2025-01-15T03:01:03.858Z - Established a connection. Number of open connections: 6
[NX Daemon Server] - 2025-01-15T03:01:03.858Z - Closed a connection. Number of open connections: 5
[NX Daemon Server] - 2025-01-15T03:01:03.859Z - Established a connection. Number of open connections: 6
[NX Daemon Server] - 2025-01-15T03:01:03.860Z - [REQUEST]: Client Request for Project Graph Received
[NX Daemon Server] - 2025-01-15T03:01:03.861Z - [REQUEST]: Responding to the client. project-graph
[NX Daemon Server] - 2025-01-15T03:01:03.861Z - Done responding to the client project-graph
[NX Daemon Server] - 2025-01-15T03:01:03.861Z - Handled REQUEST_PROJECT_GRAPH. Handling time: 1. Response time: 0.
[NX Daemon Server] - 2025-01-15T03:01:03.861Z - Time taken for 'total for creating and serializing project graph' 0.2172370000043884ms
[NX Daemon Server] - 2025-01-15T03:01:03.906Z - Closed a connection. Number of open connections: 5
[NX Daemon Server] - 2025-01-15T03:01:05.168Z - Established a connection. Number of open connections: 6
[NX Daemon Server] - 2025-01-15T03:01:05.168Z - Closed a connection. Number of open connections: 5
[NX Daemon Server] - 2025-01-15T03:01:05.169Z - Established a connection. Number of open connections: 6
[NX Daemon Server] - 2025-01-15T03:01:05.170Z - [REQUEST]: Client Request for Project Graph Received
[NX Daemon Server] - 2025-01-15T03:01:05.170Z - [REQUEST]: Responding to the client. project-graph
[NX Daemon Server] - 2025-01-15T03:01:05.171Z - Done responding to the client project-graph
[NX Daemon Server] - 2025-01-15T03:01:05.171Z - Handled REQUEST_PROJECT_GRAPH. Handling time: 0. Response time: 1.
[NX Daemon Server] - 2025-01-15T03:01:05.171Z - Time taken for 'total for creating and serializing project graph' 0.1428040000027977ms
[NX Daemon Server] - 2025-01-15T03:01:05.216Z - Closed a connection. Number of open connections: 5
[NX Daemon Server] - 2025-01-15T03:01:06.721Z - Established a connection. Number of open connections: 6
[NX Daemon Server] - 2025-01-15T03:01:06.722Z - Closed a connection. Number of open connections: 5
[NX Daemon Server] - 2025-01-15T03:01:06.722Z - Established a connection. Number of open connections: 6
[NX Daemon Server] - 2025-01-15T03:01:06.724Z - [REQUEST]: Client Request for Project Graph Received
[NX Daemon Server] - 2025-01-15T03:01:06.724Z - [REQUEST]: Responding to the client. project-graph
[NX Daemon Server] - 2025-01-15T03:01:06.724Z - Done responding to the client project-graph
[NX Daemon Server] - 2025-01-15T03:01:06.724Z - Handled REQUEST_PROJECT_GRAPH. Handling time: 1. Response time: 0.
[NX Daemon Server] - 2025-01-15T03:01:06.724Z - Time taken for 'total for creating and serializing project graph' 0.20777199999429286ms
[NX Daemon Server] - 2025-01-15T03:01:06.769Z - Closed a connection. Number of open connections: 5
[NX Daemon Server] - 2025-01-15T03:01:07.766Z - Established a connection. Number of open connections: 6
[NX Daemon Server] - 2025-01-15T03:01:07.767Z - Closed a connection. Number of open connections: 5
[NX Daemon Server] - 2025-01-15T03:01:07.767Z - Established a connection. Number of open connections: 6
[NX Daemon Server] - 2025-01-15T03:01:07.768Z - [REQUEST]: Client Request for Project Graph Received
[NX Daemon Server] - 2025-01-15T03:01:07.769Z - [REQUEST]: Responding to the client. project-graph
[NX Daemon Server] - 2025-01-15T03:01:07.769Z - Done responding to the client project-graph
[NX Daemon Server] - 2025-01-15T03:01:07.769Z - Handled REQUEST_PROJECT_GRAPH. Handling time: 1. Response time: 0.
[NX Daemon Server] - 2025-01-15T03:01:07.769Z - Time taken for 'total for creating and serializing project graph' 0.1639020000002347ms
[NX Daemon Server] - 2025-01-15T03:01:08.003Z - Closed a connection. Number of open connections: 5
[NX Daemon Server] - 2025-01-15T03:01:33.426Z - Established a connection. Number of open connections: 6
[NX Daemon Server] - 2025-01-15T03:01:33.426Z - Closed a connection. Number of open connections: 5
[NX Daemon Server] - 2025-01-15T03:01:33.427Z - Established a connection. Number of open connections: 6
[NX Daemon Server] - 2025-01-15T03:01:33.428Z - [REQUEST]: Client Request for Project Graph Received
[NX Daemon Server] - 2025-01-15T03:01:33.429Z - [REQUEST]: Responding to the client. project-graph
[NX Daemon Server] - 2025-01-15T03:01:33.429Z - Done responding to the client project-graph
[NX Daemon Server] - 2025-01-15T03:01:33.429Z - Handled REQUEST_PROJECT_GRAPH. Handling time: 1. Response time: 0.
[NX Daemon Server] - 2025-01-15T03:01:33.429Z - Time taken for 'total for creating and serializing project graph' 0.21761599997989833ms
[NX Daemon Server] - 2025-01-15T03:01:33.647Z - Closed a connection. Number of open connections: 5
[NX Daemon Server] - 2025-01-15T03:01:42.037Z - Established a connection. Number of open connections: 6
[NX Daemon Server] - 2025-01-15T03:01:42.037Z - Closed a connection. Number of open connections: 5
[NX Daemon Server] - 2025-01-15T03:01:42.038Z - Established a connection. Number of open connections: 6
[NX Daemon Server] - 2025-01-15T03:01:42.039Z - [REQUEST]: Client Request for Project Graph Received
[NX Daemon Server] - 2025-01-15T03:01:42.039Z - [REQUEST]: Responding to the client. project-graph
[NX Daemon Server] - 2025-01-15T03:01:42.039Z - Done responding to the client project-graph
[NX Daemon Server] - 2025-01-15T03:01:42.039Z - Handled REQUEST_PROJECT_GRAPH. Handling time: 0. Response time: 0.
[NX Daemon Server] - 2025-01-15T03:01:42.040Z - Time taken for 'total for creating and serializing project graph' 0.15476300002774224ms
[NX Daemon Server] - 2025-01-15T03:01:42.274Z - Closed a connection. Number of open connections: 5
[NX Daemon Server] - 2025-01-15T03:02:13.149Z - Established a connection. Number of open connections: 6
[NX Daemon Server] - 2025-01-15T03:02:13.150Z - Closed a connection. Number of open connections: 5
[NX Daemon Server] - 2025-01-15T03:02:13.150Z - Established a connection. Number of open connections: 6
[NX Daemon Server] - 2025-01-15T03:02:13.151Z - [REQUEST]: Client Request for Project Graph Received
[NX Daemon Server] - 2025-01-15T03:02:13.151Z - [REQUEST]: Responding to the client. project-graph
[NX Daemon Server] - 2025-01-15T03:02:13.152Z - Done responding to the client project-graph
[NX Daemon Server] - 2025-01-15T03:02:13.152Z - Handled REQUEST_PROJECT_GRAPH. Handling time: 0. Response time: 1.
[NX Daemon Server] - 2025-01-15T03:02:13.152Z - Time taken for 'total for creating and serializing project graph' 0.18748199997935444ms
[NX Daemon Server] - 2025-01-15T03:02:13.383Z - Closed a connection. Number of open connections: 5
[NX Daemon Server] - 2025-01-15T03:02:13.430Z - [WATCHER]: Processing file changes in outputs
[NX Daemon Server] - 2025-01-15T03:02:13.430Z - [WATCHER]: packages/animals/package.json was modified
[NX Daemon Server] - 2025-01-15T03:02:13.431Z - [REQUEST]: Responding to the client. File watch changed
[NX Daemon Server] - 2025-01-15T03:02:13.431Z - [REQUEST]: Responding to the client. File watch changed
[NX Daemon Server] - 2025-01-15T03:02:13.431Z - Done responding to the client File watch changed
[NX Daemon Server] - 2025-01-15T03:02:13.431Z - Done responding to the client File watch changed
[NX Daemon Server] - 2025-01-15T03:02:13.431Z - Handled FILE-WATCH-CHANGED. Handling time: 0. Response time: 0.
[NX Daemon Server] - 2025-01-15T03:02:13.431Z - Handled FILE-WATCH-CHANGED. Handling time: 0. Response time: 0.
[NX Daemon Server] - 2025-01-15T03:02:13.431Z - Time taken for 'changed-projects' 0.06599799997638911ms
[NX Daemon Server] - 2025-01-15T03:02:13.531Z - [REQUEST]: Updated workspace context based on watched changes, recomputing project graph...
[NX Daemon Server] - 2025-01-15T03:02:13.531Z - [REQUEST]: packages/animals/package.json
[NX Daemon Server] - 2025-01-15T03:02:13.531Z - [REQUEST]: 
[NX Daemon Server] - 2025-01-15T03:02:13.539Z - Time taken for 'hash changed files from watcher' 0.10847599996486679ms
[NX Daemon Server] - 2025-01-15T03:02:13.542Z - Time taken for 'build-project-configs' 8.796689000038896ms
[NX Daemon Server] - 2025-01-15T03:02:13.543Z - Time taken for '@nx/js/typescript:createDependencies' 1.622127000009641ms
[NX Daemon Server] - 2025-01-15T03:02:13.552Z - [SYNC]: collect registered sync generators
[NX Daemon Server] - 2025-01-15T03:02:13.552Z - [SYNC]: nx.json hash is the same, not collecting global sync generators
[NX Daemon Server] - 2025-01-15T03:02:13.552Z - [SYNC]: scheduling: ["@nx/js:typescript-sync"]
[NX Daemon Server] - 2025-01-15T03:02:13.552Z - Time taken for 'total execution time for createProjectGraph()' 8.525468999985605ms
[NX Daemon Server] - 2025-01-15T03:02:13.932Z - [REQUEST]: Client Request for Project Graph Received
[NX Daemon Server] - 2025-01-15T03:02:13.932Z - [REQUEST]: Responding to the client. project-graph
[NX Daemon Server] - 2025-01-15T03:02:13.932Z - Done responding to the client project-graph
[NX Daemon Server] - 2025-01-15T03:02:13.932Z - Handled REQUEST_PROJECT_GRAPH. Handling time: 0. Response time: 0.
[NX Daemon Server] - 2025-01-15T03:02:13.932Z - Time taken for 'total for creating and serializing project graph' 0.1778799999738112ms
[NX Daemon Server] - 2025-01-15T03:02:14.352Z - [SYNC]: running scheduled generator @nx/js:typescript-sync
[NX Daemon Server] - 2025-01-15T03:02:14.353Z - [REQUEST]: Client Request for Project Graph Received
[NX Daemon Server] - 2025-01-15T03:02:14.353Z - [REQUEST]: Responding to the client. project-graph
[NX Daemon Server] - 2025-01-15T03:02:14.353Z - Done responding to the client project-graph
[NX Daemon Server] - 2025-01-15T03:02:14.353Z - Handled REQUEST_PROJECT_GRAPH. Handling time: 0. Response time: 0.
[NX Daemon Server] - 2025-01-15T03:02:14.353Z - Time taken for 'total for creating and serializing project graph' 0.1414249999797903ms
[NX Daemon Server] - 2025-01-15T03:02:14.368Z - [SYNC]: @nx/js:typescript-sync changes: 
[NX Daemon Server] - 2025-01-15T03:02:14.368Z - Time taken for 'run-sync-generator:@nx/js:typescript-sync' 15.858172000036575ms
[NX Daemon Server] - 2025-01-15T03:02:14.432Z - Established a connection. Number of open connections: 6
[NX Daemon Server] - 2025-01-15T03:02:14.433Z - [REQUEST]: Client Request for Project Graph Received
[NX Daemon Server] - 2025-01-15T03:02:14.433Z - [REQUEST]: Responding to the client. project-graph
[NX Daemon Server] - 2025-01-15T03:02:14.433Z - Done responding to the client project-graph
[NX Daemon Server] - 2025-01-15T03:02:14.433Z - Handled REQUEST_PROJECT_GRAPH. Handling time: 0. Response time: 0.
[NX Daemon Server] - 2025-01-15T03:02:14.433Z - Time taken for 'total for creating and serializing project graph' 0.15286299999570474ms
[NX Daemon Server] - 2025-01-15T03:02:14.433Z - Closed a connection. Number of open connections: 5
[NX Daemon Server] - 2025-01-15T03:02:14.435Z - [REQUEST]: Responding to the client. handleContextFileData
[NX Daemon Server] - 2025-01-15T03:02:14.435Z - Done responding to the client handleContextFileData
[NX Daemon Server] - 2025-01-15T03:02:14.435Z - Handled GET_CONTEXT_FILE_DATA. Handling time: 0. Response time: 0.
[NX Daemon Server] - 2025-01-15T03:02:14.435Z - Closed a connection. Number of open connections: 4
[NX Daemon Server] - 2025-01-15T03:02:14.451Z - Closed a connection. Number of open connections: 3
[NX Daemon Server] - 2025-01-15T03:02:14.452Z - Established a connection. Number of open connections: 4
[NX Daemon Server] - 2025-01-15T03:02:14.452Z - Established a connection. Number of open connections: 5
[NX Daemon Server] - 2025-01-15T03:02:14.452Z - Closed a connection. Number of open connections: 4
[NX Daemon Server] - 2025-01-15T03:02:14.453Z - [REQUEST]: Client Request for Project Graph Received
[NX Daemon Server] - 2025-01-15T03:02:14.453Z - [REQUEST]: Responding to the client. project-graph
[NX Daemon Server] - 2025-01-15T03:02:14.453Z - Done responding to the client project-graph
[NX Daemon Server] - 2025-01-15T03:02:14.453Z - Handled REQUEST_PROJECT_GRAPH. Handling time: 0. Response time: 0.
[NX Daemon Server] - 2025-01-15T03:02:14.453Z - Time taken for 'total for creating and serializing project graph' 0.15545099996961653ms
[NX Daemon Server] - 2025-01-15T03:02:14.454Z - [REQUEST]: Client Request for Project Graph Received
[NX Daemon Server] - 2025-01-15T03:02:14.454Z - [REQUEST]: Responding to the client. project-graph
[NX Daemon Server] - 2025-01-15T03:02:14.455Z - Done responding to the client project-graph
[NX Daemon Server] - 2025-01-15T03:02:14.455Z - Handled REQUEST_PROJECT_GRAPH. Handling time: 0. Response time: 1.
[NX Daemon Server] - 2025-01-15T03:02:14.455Z - Time taken for 'total for creating and serializing project graph' 0.15328099997714162ms
[NX Daemon Server] - 2025-01-15T03:02:14.456Z - Established a connection. Number of open connections: 5
[NX Daemon Server] - 2025-01-15T03:02:59.840Z - Established a connection. Number of open connections: 6
[NX Daemon Server] - 2025-01-15T03:02:59.841Z - Closed a connection. Number of open connections: 5
[NX Daemon Server] - 2025-01-15T03:02:59.841Z - Established a connection. Number of open connections: 6
[NX Daemon Server] - 2025-01-15T03:02:59.843Z - [REQUEST]: Responding to the client. Shutdown initiated
[NX Daemon Server] - 2025-01-15T03:02:59.843Z - Done responding to the client Shutdown initiated
[NX Daemon Server] - 2025-01-15T03:02:59.843Z - Handled FORCE_SHUTDOWN. Handling time: 0. Response time: 0.
[NX Daemon Server] - 2025-01-15T03:02:59.845Z - [WATCHER]: Stopping the watcher for /home/daniel/Documents/Coding_Projects/ai-ml/2ndBrain_Joose/tuskydesign (sources)
[NX Daemon Server] - 2025-01-15T03:02:59.845Z - Closed a connection. Number of open connections: 5
[NX Daemon Server] - 2025-01-15T03:02:59.845Z - Closed a connection. Number of open connections: 4
[NX Daemon Server] - 2025-01-15T03:02:59.845Z - Closed a connection. Number of open connections: 3
[NX Daemon Server] - 2025-01-15T03:02:59.845Z - Closed a connection. Number of open connections: 2
[NX Daemon Server] - 2025-01-15T03:02:59.845Z - Closed a connection. Number of open connections: 1
[NX Daemon Server] - 2025-01-15T03:02:59.845Z - Closed a connection. Number of open connections: 0
[NX Daemon Server] - 2025-01-15T03:02:59.845Z - [WATCHER]: Stopping the watcher for /home/daniel/Documents/Coding_Projects/ai-ml/2ndBrain_Joose/tuskydesign (outputs)
[NX Daemon Server] - 2025-01-15T03:03:00.669Z - Started listening on: /tmp/1c1781ad4910766e6c3a/d.sock
[NX Daemon Server] - 2025-01-15T03:03:00.670Z - [WATCHER]: Subscribed to changes within: /home/daniel/Documents/Coding_Projects/ai-ml/2ndBrain_Joose/tuskydesign (native)
[NX Daemon Server] - 2025-01-15T03:03:00.673Z - Established a connection. Number of open connections: 1
[NX Daemon Server] - 2025-01-15T03:03:00.674Z - Closed a connection. Number of open connections: 0
[NX Daemon Server] - 2025-01-15T03:03:00.680Z - Established a connection. Number of open connections: 1
[NX Daemon Server] - 2025-01-15T03:03:00.681Z - Closed a connection. Number of open connections: 0
[NX Daemon Server] - 2025-01-15T03:03:00.681Z - Established a connection. Number of open connections: 1
[NX Daemon Server] - 2025-01-15T03:03:00.682Z - [REQUEST]: Client Request for Project Graph Received
[NX Daemon Server] - 2025-01-15T03:03:00.837Z - Time taken for 'Load Nx Plugin: /home/daniel/Documents/Coding_Projects/ai-ml/2ndBrain_Joose/tuskydesign/node_modules/nx/src/plugins/package-json' 153.23711600000001ms
[NX Daemon Server] - 2025-01-15T03:03:00.851Z - Time taken for 'Load Nx Plugin: /home/daniel/Documents/Coding_Projects/ai-ml/2ndBrain_Joose/tuskydesign/node_modules/nx/src/plugins/project-json/build-nodes/project-json' 167.51875399999997ms
[NX Daemon Server] - 2025-01-15T03:03:00.852Z - Time taken for 'Load Nx Plugin: /home/daniel/Documents/Coding_Projects/ai-ml/2ndBrain_Joose/tuskydesign/node_modules/nx/src/plugins/js' 168.588115ms
[NX Daemon Server] - 2025-01-15T03:03:00.885Z - [REQUEST]: Updated workspace context based on watched changes, recomputing project graph...
[NX Daemon Server] - 2025-01-15T03:03:00.885Z - [REQUEST]: 
[NX Daemon Server] - 2025-01-15T03:03:00.885Z - [REQUEST]: 
[NX Daemon Server] - 2025-01-15T03:03:00.895Z - Time taken for 'loadNxPlugins' 202.45033199999997ms
[NX Daemon Server] - 2025-01-15T03:03:01.085Z - Time taken for 'build-project-configs' 185.69583699999998ms
[NX Daemon Server] - 2025-01-15T03:03:01.087Z - Time taken for '@nx/js/typescript:createDependencies' 2.4260880000000498ms
[NX Daemon Server] - 2025-01-15T03:03:01.094Z - [SYNC]: collect registered sync generators
[NX Daemon Server] - 2025-01-15T03:03:01.094Z - [SYNC]: scheduling: ["@nx/js:typescript-sync"]
[NX Daemon Server] - 2025-01-15T03:03:01.095Z - [REQUEST]: Responding to the client. project-graph
[NX Daemon Server] - 2025-01-15T03:03:01.095Z - Done responding to the client project-graph
[NX Daemon Server] - 2025-01-15T03:03:01.095Z - Handled REQUEST_PROJECT_GRAPH. Handling time: 412. Response time: 1.
[NX Daemon Server] - 2025-01-15T03:03:01.095Z - Time taken for 'total for creating and serializing project graph' 412.66887899999995ms
[NX Daemon Server] - 2025-01-15T03:03:01.098Z - [REQUEST]: Responding to the client. handleContextFileData
[NX Daemon Server] - 2025-01-15T03:03:01.098Z - Done responding to the client handleContextFileData
[NX Daemon Server] - 2025-01-15T03:03:01.098Z - Handled GET_CONTEXT_FILE_DATA. Handling time: 0. Response time: 0.
[NX Daemon Server] - 2025-01-15T03:03:01.099Z - Closed a connection. Number of open connections: 0
[NX Daemon Server] - 2025-01-15T03:03:01.164Z - Established a connection. Number of open connections: 1
[NX Daemon Server] - 2025-01-15T03:03:01.165Z - Established a connection. Number of open connections: 2
[NX Daemon Server] - 2025-01-15T03:03:01.165Z - Closed a connection. Number of open connections: 1
[NX Daemon Server] - 2025-01-15T03:03:01.165Z - [REQUEST]: Client Request for Project Graph Received
[NX Daemon Server] - 2025-01-15T03:03:01.165Z - [REQUEST]: Responding to the client. project-graph
[NX Daemon Server] - 2025-01-15T03:03:01.166Z - Done responding to the client project-graph
[NX Daemon Server] - 2025-01-15T03:03:01.166Z - Handled REQUEST_PROJECT_GRAPH. Handling time: 0. Response time: 1.
[NX Daemon Server] - 2025-01-15T03:03:01.166Z - Time taken for 'total for creating and serializing project graph' 0.17875200000003133ms
[NX Daemon Server] - 2025-01-15T03:03:01.168Z - [REQUEST]: Client Request for Project Graph Received
[NX Daemon Server] - 2025-01-15T03:03:01.168Z - [REQUEST]: Responding to the client. project-graph
[NX Daemon Server] - 2025-01-15T03:03:01.168Z - Done responding to the client project-graph
[NX Daemon Server] - 2025-01-15T03:03:01.168Z - Handled REQUEST_PROJECT_GRAPH. Handling time: 0. Response time: 0.
[NX Daemon Server] - 2025-01-15T03:03:01.168Z - Time taken for 'total for creating and serializing project graph' 0.22507999999993444ms
[NX Daemon Server] - 2025-01-15T03:03:01.169Z - Established a connection. Number of open connections: 2
[NX Daemon Server] - 2025-01-15T03:03:01.173Z - Established a connection. Number of open connections: 3
[NX Daemon Server] - 2025-01-15T03:03:01.174Z - [REQUEST]: Client Request for Project Graph Received
[NX Daemon Server] - 2025-01-15T03:03:01.174Z - [REQUEST]: Responding to the client. project-graph
[NX Daemon Server] - 2025-01-15T03:03:01.175Z - Done responding to the client project-graph
[NX Daemon Server] - 2025-01-15T03:03:01.175Z - Handled REQUEST_PROJECT_GRAPH. Handling time: 0. Response time: 1.
[NX Daemon Server] - 2025-01-15T03:03:01.175Z - Time taken for 'total for creating and serializing project graph' 0.3091190000000097ms
[NX Daemon Server] - 2025-01-15T03:03:01.175Z - Closed a connection. Number of open connections: 2
[NX Daemon Server] - 2025-01-15T03:03:01.176Z - [REQUEST]: Responding to the client. handleContextFileData
[NX Daemon Server] - 2025-01-15T03:03:01.177Z - Done responding to the client handleContextFileData
[NX Daemon Server] - 2025-01-15T03:03:01.177Z - Handled GET_CONTEXT_FILE_DATA. Handling time: 0. Response time: 1.
[NX Daemon Server] - 2025-01-15T03:03:01.177Z - Closed a connection. Number of open connections: 1
[NX Daemon Server] - 2025-01-15T03:03:01.195Z - [SYNC]: running scheduled generator @nx/js:typescript-sync
[NX Daemon Server] - 2025-01-15T03:03:01.378Z - Established a connection. Number of open connections: 2
[NX Daemon Server] - 2025-01-15T03:03:01.380Z - Closed a connection. Number of open connections: 1
[NX Daemon Server] - 2025-01-15T03:03:01.380Z - Established a connection. Number of open connections: 2
[NX Daemon Server] - 2025-01-15T03:03:01.380Z - Closed a connection. Number of open connections: 1
[NX Daemon Server] - 2025-01-15T03:03:01.380Z - Established a connection. Number of open connections: 2
[NX Daemon Server] - 2025-01-15T03:03:01.381Z - [REQUEST]: Client Request for Project Graph Received
[NX Daemon Server] - 2025-01-15T03:03:01.381Z - [REQUEST]: Responding to the client. project-graph
[NX Daemon Server] - 2025-01-15T03:03:01.381Z - Done responding to the client project-graph
[NX Daemon Server] - 2025-01-15T03:03:01.381Z - Handled REQUEST_PROJECT_GRAPH. Handling time: 0. Response time: 0.
[NX Daemon Server] - 2025-01-15T03:03:01.381Z - Time taken for 'total for creating and serializing project graph' 0.20960500000001048ms
[NX Daemon Server] - 2025-01-15T03:03:01.381Z - Established a connection. Number of open connections: 3
[NX Daemon Server] - 2025-01-15T03:03:01.381Z - Closed a connection. Number of open connections: 2
[NX Daemon Server] - 2025-01-15T03:03:01.382Z - [REQUEST]: Client Request for Project Graph Received
[NX Daemon Server] - 2025-01-15T03:03:01.382Z - [REQUEST]: Responding to the client. project-graph
[NX Daemon Server] - 2025-01-15T03:03:01.382Z - Done responding to the client project-graph
[NX Daemon Server] - 2025-01-15T03:03:01.382Z - Handled REQUEST_PROJECT_GRAPH. Handling time: 0. Response time: 0.
[NX Daemon Server] - 2025-01-15T03:03:01.382Z - Time taken for 'total for creating and serializing project graph' 0.14994100000001254ms
[NX Daemon Server] - 2025-01-15T03:03:01.410Z - [SYNC]: @nx/js:typescript-sync changes: 
[NX Daemon Server] - 2025-01-15T03:03:01.411Z - [REQUEST]: Client Request for Project Graph Received
[NX Daemon Server] - 2025-01-15T03:03:01.411Z - [REQUEST]: Responding to the client. project-graph
[NX Daemon Server] - 2025-01-15T03:03:01.411Z - Done responding to the client project-graph
[NX Daemon Server] - 2025-01-15T03:03:01.411Z - Handled REQUEST_PROJECT_GRAPH. Handling time: 0. Response time: 0.
[NX Daemon Server] - 2025-01-15T03:03:01.411Z - Time taken for 'run-sync-generator:@nx/js:typescript-sync' 215.02996899999994ms
[NX Daemon Server] - 2025-01-15T03:03:01.413Z - Established a connection. Number of open connections: 3
[NX Daemon Server] - 2025-01-15T03:03:01.874Z - Established a connection. Number of open connections: 4
[NX Daemon Server] - 2025-01-15T03:03:01.875Z - Closed a connection. Number of open connections: 3
[NX Daemon Server] - 2025-01-15T03:03:01.876Z - Established a connection. Number of open connections: 4
[NX Daemon Server] - 2025-01-15T03:03:01.879Z - [REQUEST]: Client Request for Project Graph Received
[NX Daemon Server] - 2025-01-15T03:03:01.879Z - [REQUEST]: Responding to the client. project-graph
[NX Daemon Server] - 2025-01-15T03:03:01.880Z - Done responding to the client project-graph
[NX Daemon Server] - 2025-01-15T03:03:01.880Z - Handled REQUEST_PROJECT_GRAPH. Handling time: 0. Response time: 1.
[NX Daemon Server] - 2025-01-15T03:03:01.880Z - Time taken for 'total for creating and serializing project graph' 0.1882100000000264ms
[NX Daemon Server] - 2025-01-15T03:03:01.889Z - [REQUEST]: Client Request for Project Graph Received
[NX Daemon Server] - 2025-01-15T03:03:01.890Z - [REQUEST]: Responding to the client. project-graph
[NX Daemon Server] - 2025-01-15T03:03:01.890Z - Done responding to the client project-graph
[NX Daemon Server] - 2025-01-15T03:03:01.890Z - Handled REQUEST_PROJECT_GRAPH. Handling time: 1. Response time: 0.
[NX Daemon Server] - 2025-01-15T03:03:01.890Z - Time taken for 'total for creating and serializing project graph' 0.2103749999998854ms
[NX Daemon Server] - 2025-01-15T03:03:01.891Z - Established a connection. Number of open connections: 5
[NX Daemon Server] - 2025-01-15T03:03:01.892Z - [REQUEST]: Client Request for Project Graph Received
[NX Daemon Server] - 2025-01-15T03:03:01.892Z - [REQUEST]: Responding to the client. project-graph
[NX Daemon Server] - 2025-01-15T03:03:01.892Z - Done responding to the client project-graph
[NX Daemon Server] - 2025-01-15T03:03:01.892Z - Handled REQUEST_PROJECT_GRAPH. Handling time: 0. Response time: 0.
[NX Daemon Server] - 2025-01-15T03:03:01.892Z - Time taken for 'total for creating and serializing project graph' 0.2022150000000238ms
[NX Daemon Server] - 2025-01-15T03:03:03.940Z - Established a connection. Number of open connections: 6
[NX Daemon Server] - 2025-01-15T03:03:03.940Z - Closed a connection. Number of open connections: 5
[NX Daemon Server] - 2025-01-15T03:03:03.941Z - Established a connection. Number of open connections: 6
[NX Daemon Server] - 2025-01-15T03:03:03.942Z - [REQUEST]: Responding to the client. Shutdown initiated
[NX Daemon Server] - 2025-01-15T03:03:03.942Z - Done responding to the client Shutdown initiated
[NX Daemon Server] - 2025-01-15T03:03:03.942Z - Handled FORCE_SHUTDOWN. Handling time: 0. Response time: 0.
[NX Daemon Server] - 2025-01-15T03:03:03.944Z - [WATCHER]: Stopping the watcher for /home/daniel/Documents/Coding_Projects/ai-ml/2ndBrain_Joose/tuskydesign (sources)
[NX Daemon Server] - 2025-01-15T03:03:03.944Z - Closed a connection. Number of open connections: 5
[NX Daemon Server] - 2025-01-15T03:03:03.944Z - Closed a connection. Number of open connections: 4
[NX Daemon Server] - 2025-01-15T03:03:03.944Z - Closed a connection. Number of open connections: 3
[NX Daemon Server] - 2025-01-15T03:03:03.944Z - Closed a connection. Number of open connections: 2
[NX Daemon Server] - 2025-01-15T03:03:03.944Z - Closed a connection. Number of open connections: 1
[NX Daemon Server] - 2025-01-15T03:03:03.944Z - Closed a connection. Number of open connections: 0
[NX Daemon Server] - 2025-01-15T03:03:03.944Z - [WATCHER]: Stopping the watcher for /home/daniel/Documents/Coding_Projects/ai-ml/2ndBrain_Joose/tuskydesign (outputs)
[NX Daemon Server] - 2025-01-15T03:03:04.790Z - Started listening on: /tmp/1c1781ad4910766e6c3a/d.sock
[NX Daemon Server] - 2025-01-15T03:03:04.792Z - [WATCHER]: Subscribed to changes within: /home/daniel/Documents/Coding_Projects/ai-ml/2ndBrain_Joose/tuskydesign (native)
[NX Daemon Server] - 2025-01-15T03:03:04.797Z - Established a connection. Number of open connections: 1
[NX Daemon Server] - 2025-01-15T03:03:04.799Z - Closed a connection. Number of open connections: 0
[NX Daemon Server] - 2025-01-15T03:03:04.809Z - Established a connection. Number of open connections: 1
[NX Daemon Server] - 2025-01-15T03:03:04.809Z - Closed a connection. Number of open connections: 0
[NX Daemon Server] - 2025-01-15T03:03:04.810Z - Established a connection. Number of open connections: 1
[NX Daemon Server] - 2025-01-15T03:03:04.810Z - [REQUEST]: Client Request for Project Graph Received
[NX Daemon Server] - 2025-01-15T03:03:04.994Z - Time taken for 'Load Nx Plugin: /home/daniel/Documents/Coding_Projects/ai-ml/2ndBrain_Joose/tuskydesign/node_modules/nx/src/plugins/js' 181.18582100000003ms
[NX Daemon Server] - 2025-01-15T03:03:04.997Z - Time taken for 'Load Nx Plugin: /home/daniel/Documents/Coding_Projects/ai-ml/2ndBrain_Joose/tuskydesign/node_modules/nx/src/plugins/project-json/build-nodes/project-json' 184.934444ms
[NX Daemon Server] - 2025-01-15T03:03:05.008Z - Time taken for 'Load Nx Plugin: /home/daniel/Documents/Coding_Projects/ai-ml/2ndBrain_Joose/tuskydesign/node_modules/nx/src/plugins/package-json' 195.472337ms
[NX Daemon Server] - 2025-01-15T03:03:05.031Z - [REQUEST]: Updated workspace context based on watched changes, recomputing project graph...
[NX Daemon Server] - 2025-01-15T03:03:05.031Z - [REQUEST]: 
[NX Daemon Server] - 2025-01-15T03:03:05.031Z - [REQUEST]: 
[NX Daemon Server] - 2025-01-15T03:03:05.041Z - Time taken for 'loadNxPlugins' 218.876639ms
[NX Daemon Server] - 2025-01-15T03:03:05.244Z - Time taken for 'build-project-configs' 198.66436699999997ms
[NX Daemon Server] - 2025-01-15T03:03:05.245Z - Time taken for '@nx/js/typescript:createDependencies' 1.7995239999999058ms
[NX Daemon Server] - 2025-01-15T03:03:05.253Z - [SYNC]: collect registered sync generators
[NX Daemon Server] - 2025-01-15T03:03:05.253Z - [SYNC]: scheduling: ["@nx/js:typescript-sync"]
[NX Daemon Server] - 2025-01-15T03:03:05.253Z - [REQUEST]: Responding to the client. project-graph
[NX Daemon Server] - 2025-01-15T03:03:05.254Z - Done responding to the client project-graph
[NX Daemon Server] - 2025-01-15T03:03:05.254Z - Handled REQUEST_PROJECT_GRAPH. Handling time: 443. Response time: 1.
[NX Daemon Server] - 2025-01-15T03:03:05.254Z - Time taken for 'total for creating and serializing project graph' 442.97522200000003ms
[NX Daemon Server] - 2025-01-15T03:03:05.257Z - [REQUEST]: Responding to the client. handleContextFileData
[NX Daemon Server] - 2025-01-15T03:03:05.257Z - Done responding to the client handleContextFileData
[NX Daemon Server] - 2025-01-15T03:03:05.257Z - Handled GET_CONTEXT_FILE_DATA. Handling time: 0. Response time: 0.
[NX Daemon Server] - 2025-01-15T03:03:05.258Z - Closed a connection. Number of open connections: 0
[NX Daemon Server] - 2025-01-15T03:03:05.308Z - Established a connection. Number of open connections: 1
[NX Daemon Server] - 2025-01-15T03:03:05.308Z - Established a connection. Number of open connections: 2
[NX Daemon Server] - 2025-01-15T03:03:05.308Z - Closed a connection. Number of open connections: 1
[NX Daemon Server] - 2025-01-15T03:03:05.309Z - [REQUEST]: Client Request for Project Graph Received
[NX Daemon Server] - 2025-01-15T03:03:05.309Z - [REQUEST]: Responding to the client. project-graph
[NX Daemon Server] - 2025-01-15T03:03:05.309Z - Done responding to the client project-graph
[NX Daemon Server] - 2025-01-15T03:03:05.309Z - Handled REQUEST_PROJECT_GRAPH. Handling time: 0. Response time: 0.
[NX Daemon Server] - 2025-01-15T03:03:05.309Z - Time taken for 'total for creating and serializing project graph' 0.1750209999999015ms
[NX Daemon Server] - 2025-01-15T03:03:05.310Z - [REQUEST]: Client Request for Project Graph Received
[NX Daemon Server] - 2025-01-15T03:03:05.311Z - [REQUEST]: Responding to the client. project-graph
[NX Daemon Server] - 2025-01-15T03:03:05.311Z - Done responding to the client project-graph
[NX Daemon Server] - 2025-01-15T03:03:05.311Z - Handled REQUEST_PROJECT_GRAPH. Handling time: 1. Response time: 0.
[NX Daemon Server] - 2025-01-15T03:03:05.311Z - Time taken for 'total for creating and serializing project graph' 0.17167700000004515ms
[NX Daemon Server] - 2025-01-15T03:03:05.312Z - Established a connection. Number of open connections: 2
[NX Daemon Server] - 2025-01-15T03:03:05.316Z - Established a connection. Number of open connections: 3
[NX Daemon Server] - 2025-01-15T03:03:05.316Z - [REQUEST]: Client Request for Project Graph Received
[NX Daemon Server] - 2025-01-15T03:03:05.316Z - [REQUEST]: Responding to the client. project-graph
[NX Daemon Server] - 2025-01-15T03:03:05.316Z - Done responding to the client project-graph
[NX Daemon Server] - 2025-01-15T03:03:05.316Z - Handled REQUEST_PROJECT_GRAPH. Handling time: 0. Response time: 0.
[NX Daemon Server] - 2025-01-15T03:03:05.317Z - Time taken for 'total for creating and serializing project graph' 0.15246400000000904ms
[NX Daemon Server] - 2025-01-15T03:03:05.317Z - Closed a connection. Number of open connections: 2
[NX Daemon Server] - 2025-01-15T03:03:05.318Z - [REQUEST]: Responding to the client. handleContextFileData
[NX Daemon Server] - 2025-01-15T03:03:05.318Z - Done responding to the client handleContextFileData
[NX Daemon Server] - 2025-01-15T03:03:05.318Z - Handled GET_CONTEXT_FILE_DATA. Handling time: 0. Response time: 0.
[NX Daemon Server] - 2025-01-15T03:03:05.319Z - Closed a connection. Number of open connections: 1
[NX Daemon Server] - 2025-01-15T03:03:05.344Z - Closed a connection. Number of open connections: 0
[NX Daemon Server] - 2025-01-15T03:03:05.345Z - Established a connection. Number of open connections: 1
[NX Daemon Server] - 2025-01-15T03:03:05.346Z - Established a connection. Number of open connections: 2
[NX Daemon Server] - 2025-01-15T03:03:05.346Z - Closed a connection. Number of open connections: 1
[NX Daemon Server] - 2025-01-15T03:03:05.346Z - [REQUEST]: Client Request for Project Graph Received
[NX Daemon Server] - 2025-01-15T03:03:05.346Z - [REQUEST]: Responding to the client. project-graph
[NX Daemon Server] - 2025-01-15T03:03:05.346Z - Done responding to the client project-graph
[NX Daemon Server] - 2025-01-15T03:03:05.346Z - Handled REQUEST_PROJECT_GRAPH. Handling time: 0. Response time: 0.
[NX Daemon Server] - 2025-01-15T03:03:05.347Z - Time taken for 'total for creating and serializing project graph' 0.13962900000001355ms
[NX Daemon Server] - 2025-01-15T03:03:05.348Z - [REQUEST]: Client Request for Project Graph Received
[NX Daemon Server] - 2025-01-15T03:03:05.348Z - [REQUEST]: Responding to the client. project-graph
[NX Daemon Server] - 2025-01-15T03:03:05.348Z - Done responding to the client project-graph
[NX Daemon Server] - 2025-01-15T03:03:05.348Z - Handled REQUEST_PROJECT_GRAPH. Handling time: 0. Response time: 0.
[NX Daemon Server] - 2025-01-15T03:03:05.348Z - Time taken for 'total for creating and serializing project graph' 0.14006099999994603ms
[NX Daemon Server] - 2025-01-15T03:03:05.350Z - Established a connection. Number of open connections: 2
[NX Daemon Server] - 2025-01-15T03:03:05.354Z - [SYNC]: running scheduled generator @nx/js:typescript-sync
[NX Daemon Server] - 2025-01-15T03:03:05.573Z - Established a connection. Number of open connections: 3
[NX Daemon Server] - 2025-01-15T03:03:05.574Z - Established a connection. Number of open connections: 4
[NX Daemon Server] - 2025-01-15T03:03:05.574Z - Closed a connection. Number of open connections: 3
[NX Daemon Server] - 2025-01-15T03:03:05.575Z - [REQUEST]: Client Request for Project Graph Received
[NX Daemon Server] - 2025-01-15T03:03:05.575Z - [REQUEST]: Responding to the client. project-graph
[NX Daemon Server] - 2025-01-15T03:03:05.575Z - Done responding to the client project-graph
[NX Daemon Server] - 2025-01-15T03:03:05.575Z - Handled REQUEST_PROJECT_GRAPH. Handling time: 0. Response time: 0.
[NX Daemon Server] - 2025-01-15T03:03:05.575Z - Time taken for 'total for creating and serializing project graph' 0.16589299999998275ms
[NX Daemon Server] - 2025-01-15T03:03:05.602Z - [SYNC]: @nx/js:typescript-sync changes: 
[NX Daemon Server] - 2025-01-15T03:03:05.602Z - Time taken for 'run-sync-generator:@nx/js:typescript-sync' 248.155524ms
[NX Daemon Server] - 2025-01-15T03:03:05.846Z - Established a connection. Number of open connections: 4
[NX Daemon Server] - 2025-01-15T03:03:05.847Z - Closed a connection. Number of open connections: 3
[NX Daemon Server] - 2025-01-15T03:03:05.848Z - Established a connection. Number of open connections: 4
[NX Daemon Server] - 2025-01-15T03:03:05.851Z - [REQUEST]: Client Request for Project Graph Received
[NX Daemon Server] - 2025-01-15T03:03:05.851Z - [REQUEST]: Responding to the client. project-graph
[NX Daemon Server] - 2025-01-15T03:03:05.851Z - Done responding to the client project-graph
[NX Daemon Server] - 2025-01-15T03:03:05.851Z - Handled REQUEST_PROJECT_GRAPH. Handling time: 0. Response time: 0.
[NX Daemon Server] - 2025-01-15T03:03:05.852Z - Time taken for 'total for creating and serializing project graph' 0.25286300000016126ms
[NX Daemon Server] - 2025-01-15T03:03:05.863Z - [REQUEST]: Client Request for Project Graph Received
[NX Daemon Server] - 2025-01-15T03:03:05.863Z - [REQUEST]: Responding to the client. project-graph
[NX Daemon Server] - 2025-01-15T03:03:05.863Z - Done responding to the client project-graph
[NX Daemon Server] - 2025-01-15T03:03:05.864Z - Handled REQUEST_PROJECT_GRAPH. Handling time: 0. Response time: 1.
[NX Daemon Server] - 2025-01-15T03:03:05.864Z - Time taken for 'total for creating and serializing project graph' 0.2380639999998948ms
[NX Daemon Server] - 2025-01-15T03:03:05.865Z - Established a connection. Number of open connections: 5
[NX Daemon Server] - 2025-01-15T03:03:05.866Z - [REQUEST]: Client Request for Project Graph Received
[NX Daemon Server] - 2025-01-15T03:03:05.866Z - [REQUEST]: Responding to the client. project-graph
[NX Daemon Server] - 2025-01-15T03:03:05.866Z - Done responding to the client project-graph
[NX Daemon Server] - 2025-01-15T03:03:05.867Z - Handled REQUEST_PROJECT_GRAPH. Handling time: 0. Response time: 1.
[NX Daemon Server] - 2025-01-15T03:03:05.867Z - Time taken for 'total for creating and serializing project graph' 0.21356199999991077ms
[NX Daemon Server] - 2025-01-15T03:03:16.755Z - [WATCHER]: packages/animals/package.json was modified
[NX Daemon Server] - 2025-01-15T03:03:16.755Z - [REQUEST]: Responding to the client. File watch changed
[NX Daemon Server] - 2025-01-15T03:03:16.755Z - [REQUEST]: Responding to the client. File watch changed
[NX Daemon Server] - 2025-01-15T03:03:16.755Z - Done responding to the client File watch changed
[NX Daemon Server] - 2025-01-15T03:03:16.755Z - Done responding to the client File watch changed
[NX Daemon Server] - 2025-01-15T03:03:16.755Z - Handled FILE-WATCH-CHANGED. Handling time: 0. Response time: 0.
[NX Daemon Server] - 2025-01-15T03:03:16.755Z - Handled FILE-WATCH-CHANGED. Handling time: 0. Response time: 0.
[NX Daemon Server] - 2025-01-15T03:03:16.756Z - [WATCHER]: Processing file changes in outputs
[NX Daemon Server] - 2025-01-15T03:03:16.756Z - Time taken for 'changed-projects' 0.07232500000100117ms
[NX Daemon Server] - 2025-01-15T03:03:16.856Z - [REQUEST]: Updated workspace context based on watched changes, recomputing project graph...
[NX Daemon Server] - 2025-01-15T03:03:16.856Z - [REQUEST]: packages/animals/package.json
[NX Daemon Server] - 2025-01-15T03:03:16.856Z - [REQUEST]: 
[NX Daemon Server] - 2025-01-15T03:03:16.864Z - Time taken for 'hash changed files from watcher' 0.07961300000170013ms
[NX Daemon Server] - 2025-01-15T03:03:16.873Z - Time taken for 'build-project-configs' 11.58143199999904ms
[NX Daemon Server] - 2025-01-15T03:03:16.874Z - Time taken for '@nx/js/typescript:createDependencies' 2.039043999999194ms
[NX Daemon Server] - 2025-01-15T03:03:17.065Z - [SYNC]: collect registered sync generators
[NX Daemon Server] - 2025-01-15T03:03:17.065Z - [SYNC]: nx.json hash is the same, not collecting global sync generators
[NX Daemon Server] - 2025-01-15T03:03:17.065Z - [SYNC]: scheduling: ["@nx/js:typescript-sync"]
[NX Daemon Server] - 2025-01-15T03:03:17.066Z - Time taken for 'total execution time for createProjectGraph()' 193.1070639999998ms
[NX Daemon Server] - 2025-01-15T03:03:17.261Z - [REQUEST]: Client Request for Project Graph Received
[NX Daemon Server] - 2025-01-15T03:03:17.262Z - [REQUEST]: Responding to the client. project-graph
[NX Daemon Server] - 2025-01-15T03:03:17.262Z - Done responding to the client project-graph
[NX Daemon Server] - 2025-01-15T03:03:17.262Z - Handled REQUEST_PROJECT_GRAPH. Handling time: 1. Response time: 0.
[NX Daemon Server] - 2025-01-15T03:03:17.262Z - Time taken for 'total for creating and serializing project graph' 0.20417600000109815ms
[NX Daemon Server] - 2025-01-15T03:03:17.265Z - [SYNC]: running scheduled generator @nx/js:typescript-sync
[NX Daemon Server] - 2025-01-15T03:03:17.266Z - [REQUEST]: Client Request for Project Graph Received
[NX Daemon Server] - 2025-01-15T03:03:17.266Z - [REQUEST]: Responding to the client. project-graph
[NX Daemon Server] - 2025-01-15T03:03:17.267Z - Done responding to the client project-graph
[NX Daemon Server] - 2025-01-15T03:03:17.267Z - Handled REQUEST_PROJECT_GRAPH. Handling time: 0. Response time: 1.
[NX Daemon Server] - 2025-01-15T03:03:17.267Z - Time taken for 'total for creating and serializing project graph' 0.13749499999903492ms
[NX Daemon Server] - 2025-01-15T03:03:17.283Z - [SYNC]: @nx/js:typescript-sync changes: 
[NX Daemon Server] - 2025-01-15T03:03:17.283Z - Time taken for 'run-sync-generator:@nx/js:typescript-sync' 17.88608899999963ms
[NX Daemon Server] - 2025-01-15T03:03:17.757Z - Established a connection. Number of open connections: 6
[NX Daemon Server] - 2025-01-15T03:03:17.757Z - [REQUEST]: Client Request for Project Graph Received
[NX Daemon Server] - 2025-01-15T03:03:17.758Z - [REQUEST]: Responding to the client. project-graph
[NX Daemon Server] - 2025-01-15T03:03:17.758Z - Done responding to the client project-graph
[NX Daemon Server] - 2025-01-15T03:03:17.758Z - Handled REQUEST_PROJECT_GRAPH. Handling time: 1. Response time: 0.
[NX Daemon Server] - 2025-01-15T03:03:17.759Z - Time taken for 'total for creating and serializing project graph' 0.42736599999989267ms
[NX Daemon Server] - 2025-01-15T03:03:17.759Z - Closed a connection. Number of open connections: 5
[NX Daemon Server] - 2025-01-15T03:03:17.763Z - [REQUEST]: Responding to the client. handleContextFileData
[NX Daemon Server] - 2025-01-15T03:03:17.763Z - Done responding to the client handleContextFileData
[NX Daemon Server] - 2025-01-15T03:03:17.763Z - Handled GET_CONTEXT_FILE_DATA. Handling time: 0. Response time: 0.
[NX Daemon Server] - 2025-01-15T03:03:17.767Z - Closed a connection. Number of open connections: 4
[NX Daemon Server] - 2025-01-15T03:03:17.829Z - Closed a connection. Number of open connections: 3
[NX Daemon Server] - 2025-01-15T03:03:17.832Z - Established a connection. Number of open connections: 4
[NX Daemon Server] - 2025-01-15T03:03:17.833Z - Closed a connection. Number of open connections: 3
[NX Daemon Server] - 2025-01-15T03:03:17.833Z - Established a connection. Number of open connections: 4
[NX Daemon Server] - 2025-01-15T03:03:17.834Z - [REQUEST]: Client Request for Project Graph Received
[NX Daemon Server] - 2025-01-15T03:03:17.834Z - [REQUEST]: Responding to the client. project-graph
[NX Daemon Server] - 2025-01-15T03:03:17.834Z - Done responding to the client project-graph
[NX Daemon Server] - 2025-01-15T03:03:17.834Z - Handled REQUEST_PROJECT_GRAPH. Handling time: 0. Response time: 0.
[NX Daemon Server] - 2025-01-15T03:03:17.834Z - Time taken for 'total for creating and serializing project graph' 0.16131900000073074ms
[NX Daemon Server] - 2025-01-15T03:03:17.835Z - [REQUEST]: Client Request for Project Graph Received
[NX Daemon Server] - 2025-01-15T03:03:17.836Z - [REQUEST]: Responding to the client. project-graph
[NX Daemon Server] - 2025-01-15T03:03:17.836Z - Done responding to the client project-graph
[NX Daemon Server] - 2025-01-15T03:03:17.836Z - Handled REQUEST_PROJECT_GRAPH. Handling time: 1. Response time: 0.
[NX Daemon Server] - 2025-01-15T03:03:17.836Z - Time taken for 'total for creating and serializing project graph' 0.2129029999996419ms
[NX Daemon Server] - 2025-01-15T03:03:17.837Z - Established a connection. Number of open connections: 5
[NX Daemon Server] - 2025-01-15T03:05:10.657Z - [WATCHER]: Processing file changes in outputs
[NX Daemon Server] - 2025-01-15T03:05:10.658Z - [WATCHER]: packages/animals/package.json was modified
[NX Daemon Server] - 2025-01-15T03:05:10.658Z - [REQUEST]: Responding to the client. File watch changed
[NX Daemon Server] - 2025-01-15T03:05:10.658Z - [REQUEST]: Responding to the client. File watch changed
[NX Daemon Server] - 2025-01-15T03:05:10.658Z - Done responding to the client File watch changed
[NX Daemon Server] - 2025-01-15T03:05:10.658Z - Done responding to the client File watch changed
[NX Daemon Server] - 2025-01-15T03:05:10.658Z - Handled FILE-WATCH-CHANGED. Handling time: 0. Response time: 0.
[NX Daemon Server] - 2025-01-15T03:05:10.658Z - Handled FILE-WATCH-CHANGED. Handling time: 0. Response time: 0.
[NX Daemon Server] - 2025-01-15T03:05:10.658Z - Time taken for 'changed-projects' 0.05308100000547711ms
[NX Daemon Server] - 2025-01-15T03:05:10.759Z - [REQUEST]: Updated workspace context based on watched changes, recomputing project graph...
[NX Daemon Server] - 2025-01-15T03:05:10.759Z - [REQUEST]: packages/animals/package.json
[NX Daemon Server] - 2025-01-15T03:05:10.759Z - [REQUEST]: 
[NX Daemon Server] - 2025-01-15T03:05:10.767Z - Time taken for 'hash changed files from watcher' 0.06702100000984501ms
[NX Daemon Server] - 2025-01-15T03:05:10.770Z - Time taken for 'build-project-configs' 8.619380999996793ms
[NX Daemon Server] - 2025-01-15T03:05:10.772Z - Time taken for '@nx/js/typescript:createDependencies' 2.26516399999673ms
[NX Daemon Server] - 2025-01-15T03:05:10.782Z - [SYNC]: collect registered sync generators
[NX Daemon Server] - 2025-01-15T03:05:10.782Z - [SYNC]: nx.json hash is the same, not collecting global sync generators
[NX Daemon Server] - 2025-01-15T03:05:10.782Z - [SYNC]: scheduling: ["@nx/js:typescript-sync"]
[NX Daemon Server] - 2025-01-15T03:05:10.782Z - Time taken for 'total execution time for createProjectGraph()' 10.76999000000069ms
[NX Daemon Server] - 2025-01-15T03:05:11.159Z - [REQUEST]: Client Request for Project Graph Received
[NX Daemon Server] - 2025-01-15T03:05:11.160Z - [REQUEST]: Responding to the client. project-graph
[NX Daemon Server] - 2025-01-15T03:05:11.160Z - Done responding to the client project-graph
[NX Daemon Server] - 2025-01-15T03:05:11.160Z - Handled REQUEST_PROJECT_GRAPH. Handling time: 1. Response time: 0.
[NX Daemon Server] - 2025-01-15T03:05:11.160Z - Time taken for 'total for creating and serializing project graph' 0.25242200000502635ms
[NX Daemon Server] - 2025-01-15T03:05:11.183Z - [SYNC]: running scheduled generator @nx/js:typescript-sync
[NX Daemon Server] - 2025-01-15T03:05:11.184Z - [REQUEST]: Client Request for Project Graph Received
[NX Daemon Server] - 2025-01-15T03:05:11.184Z - [REQUEST]: Responding to the client. project-graph
[NX Daemon Server] - 2025-01-15T03:05:11.184Z - Done responding to the client project-graph
[NX Daemon Server] - 2025-01-15T03:05:11.184Z - Handled REQUEST_PROJECT_GRAPH. Handling time: 0. Response time: 0.
[NX Daemon Server] - 2025-01-15T03:05:11.184Z - Time taken for 'total for creating and serializing project graph' 0.18089899999904446ms
[NX Daemon Server] - 2025-01-15T03:05:11.200Z - [SYNC]: @nx/js:typescript-sync changes: 
[NX Daemon Server] - 2025-01-15T03:05:11.200Z - Time taken for 'run-sync-generator:@nx/js:typescript-sync' 17.196712999997544ms
[NX Daemon Server] - 2025-01-15T03:05:11.660Z - Established a connection. Number of open connections: 6
[NX Daemon Server] - 2025-01-15T03:05:11.660Z - [REQUEST]: Client Request for Project Graph Received
[NX Daemon Server] - 2025-01-15T03:05:11.661Z - [REQUEST]: Responding to the client. project-graph
[NX Daemon Server] - 2025-01-15T03:05:11.661Z - Done responding to the client project-graph
[NX Daemon Server] - 2025-01-15T03:05:11.661Z - Handled REQUEST_PROJECT_GRAPH. Handling time: 1. Response time: 0.
[NX Daemon Server] - 2025-01-15T03:05:11.661Z - Time taken for 'total for creating and serializing project graph' 0.17366099999344442ms
[NX Daemon Server] - 2025-01-15T03:05:11.661Z - Closed a connection. Number of open connections: 5
[NX Daemon Server] - 2025-01-15T03:05:11.663Z - [REQUEST]: Responding to the client. handleContextFileData
[NX Daemon Server] - 2025-01-15T03:05:11.663Z - Done responding to the client handleContextFileData
[NX Daemon Server] - 2025-01-15T03:05:11.663Z - Handled GET_CONTEXT_FILE_DATA. Handling time: 1. Response time: 0.
[NX Daemon Server] - 2025-01-15T03:05:11.663Z - Closed a connection. Number of open connections: 4
[NX Daemon Server] - 2025-01-15T03:05:11.681Z - Closed a connection. Number of open connections: 3
[NX Daemon Server] - 2025-01-15T03:05:11.682Z - Established a connection. Number of open connections: 4
[NX Daemon Server] - 2025-01-15T03:05:11.682Z - Closed a connection. Number of open connections: 3
[NX Daemon Server] - 2025-01-15T03:05:11.682Z - Established a connection. Number of open connections: 4
[NX Daemon Server] - 2025-01-15T03:05:11.683Z - [REQUEST]: Client Request for Project Graph Received
[NX Daemon Server] - 2025-01-15T03:05:11.683Z - [REQUEST]: Responding to the client. project-graph
[NX Daemon Server] - 2025-01-15T03:05:11.683Z - Done responding to the client project-graph
[NX Daemon Server] - 2025-01-15T03:05:11.683Z - Handled REQUEST_PROJECT_GRAPH. Handling time: 0. Response time: 0.
[NX Daemon Server] - 2025-01-15T03:05:11.683Z - Time taken for 'total for creating and serializing project graph' 0.23688100000435952ms
[NX Daemon Server] - 2025-01-15T03:05:11.685Z - [REQUEST]: Client Request for Project Graph Received
[NX Daemon Server] - 2025-01-15T03:05:11.685Z - [REQUEST]: Responding to the client. project-graph
[NX Daemon Server] - 2025-01-15T03:05:11.685Z - Done responding to the client project-graph
[NX Daemon Server] - 2025-01-15T03:05:11.685Z - Handled REQUEST_PROJECT_GRAPH. Handling time: 0. Response time: 0.
[NX Daemon Server] - 2025-01-15T03:05:11.685Z - Time taken for 'total for creating and serializing project graph' 0.1685589999979129ms
[NX Daemon Server] - 2025-01-15T03:05:11.686Z - Established a connection. Number of open connections: 5
[NX Daemon Server] - 2025-01-15T03:05:15.718Z - [WATCHER]: packages/animals/package.json was modified
[NX Daemon Server] - 2025-01-15T03:05:15.718Z - [REQUEST]: Responding to the client. File watch changed
[NX Daemon Server] - 2025-01-15T03:05:15.718Z - [REQUEST]: Responding to the client. File watch changed
[NX Daemon Server] - 2025-01-15T03:05:15.718Z - Done responding to the client File watch changed
[NX Daemon Server] - 2025-01-15T03:05:15.718Z - Done responding to the client File watch changed
[NX Daemon Server] - 2025-01-15T03:05:15.718Z - Handled FILE-WATCH-CHANGED. Handling time: 0. Response time: 0.
[NX Daemon Server] - 2025-01-15T03:05:15.718Z - Handled FILE-WATCH-CHANGED. Handling time: 0. Response time: 0.
[NX Daemon Server] - 2025-01-15T03:05:15.718Z - [WATCHER]: Processing file changes in outputs
[NX Daemon Server] - 2025-01-15T03:05:15.718Z - Time taken for 'changed-projects' 0.050333999999566004ms
[NX Daemon Server] - 2025-01-15T03:05:15.819Z - [REQUEST]: Updated workspace context based on watched changes, recomputing project graph...
[NX Daemon Server] - 2025-01-15T03:05:15.819Z - [REQUEST]: packages/animals/package.json
[NX Daemon Server] - 2025-01-15T03:05:15.819Z - [REQUEST]: 
[NX Daemon Server] - 2025-01-15T03:05:15.826Z - Time taken for 'hash changed files from watcher' 0.07468299998436123ms
[NX Daemon Server] - 2025-01-15T03:05:15.832Z - Time taken for 'build-project-configs' 8.798813000001246ms
[NX Daemon Server] - 2025-01-15T03:05:15.833Z - Time taken for '@nx/js/typescript:createDependencies' 2.735630000010133ms
[NX Daemon Server] - 2025-01-15T03:05:15.843Z - [SYNC]: collect registered sync generators
[NX Daemon Server] - 2025-01-15T03:05:15.844Z - [SYNC]: project graph hash is the same, not collecting task sync generators
[NX Daemon Server] - 2025-01-15T03:05:15.844Z - [SYNC]: nx.json hash is the same, not collecting global sync generators
[NX Daemon Server] - 2025-01-15T03:05:15.844Z - [SYNC]: scheduling: ["@nx/js:typescript-sync"]
[NX Daemon Server] - 2025-01-15T03:05:15.844Z - Time taken for 'total execution time for createProjectGraph()' 11.169815000001108ms
[NX Daemon Server] - 2025-01-15T03:05:16.219Z - [REQUEST]: Client Request for Project Graph Received
[NX Daemon Server] - 2025-01-15T03:05:16.220Z - [REQUEST]: Responding to the client. project-graph
[NX Daemon Server] - 2025-01-15T03:05:16.220Z - Done responding to the client project-graph
[NX Daemon Server] - 2025-01-15T03:05:16.220Z - Handled REQUEST_PROJECT_GRAPH. Handling time: 1. Response time: 0.
[NX Daemon Server] - 2025-01-15T03:05:16.220Z - Time taken for 'total for creating and serializing project graph' 0.19760800001677126ms
[NX Daemon Server] - 2025-01-15T03:05:16.644Z - [SYNC]: running scheduled generator @nx/js:typescript-sync
[NX Daemon Server] - 2025-01-15T03:05:16.645Z - [REQUEST]: Client Request for Project Graph Received
[NX Daemon Server] - 2025-01-15T03:05:16.645Z - [REQUEST]: Responding to the client. project-graph
[NX Daemon Server] - 2025-01-15T03:05:16.646Z - Done responding to the client project-graph
[NX Daemon Server] - 2025-01-15T03:05:16.646Z - Handled REQUEST_PROJECT_GRAPH. Handling time: 0. Response time: 1.
[NX Daemon Server] - 2025-01-15T03:05:16.646Z - Time taken for 'total for creating and serializing project graph' 0.15350700000999495ms
[NX Daemon Server] - 2025-01-15T03:05:16.656Z - [SYNC]: @nx/js:typescript-sync changes: 
[NX Daemon Server] - 2025-01-15T03:05:16.656Z - Time taken for 'run-sync-generator:@nx/js:typescript-sync' 11.576973999995971ms
[NX Daemon Server] - 2025-01-15T03:05:16.720Z - Established a connection. Number of open connections: 6
[NX Daemon Server] - 2025-01-15T03:05:16.720Z - [REQUEST]: Client Request for Project Graph Received
[NX Daemon Server] - 2025-01-15T03:05:16.720Z - [REQUEST]: Responding to the client. project-graph
[NX Daemon Server] - 2025-01-15T03:05:16.720Z - Done responding to the client project-graph
[NX Daemon Server] - 2025-01-15T03:05:16.720Z - Handled REQUEST_PROJECT_GRAPH. Handling time: 0. Response time: 0.
[NX Daemon Server] - 2025-01-15T03:05:16.721Z - Time taken for 'total for creating and serializing project graph' 0.16315000000759028ms
[NX Daemon Server] - 2025-01-15T03:05:16.721Z - Closed a connection. Number of open connections: 5
[NX Daemon Server] - 2025-01-15T03:05:16.722Z - [REQUEST]: Responding to the client. handleContextFileData
[NX Daemon Server] - 2025-01-15T03:05:16.723Z - Done responding to the client handleContextFileData
[NX Daemon Server] - 2025-01-15T03:05:16.723Z - Handled GET_CONTEXT_FILE_DATA. Handling time: 0. Response time: 1.
[NX Daemon Server] - 2025-01-15T03:05:16.723Z - Closed a connection. Number of open connections: 4
[NX Daemon Server] - 2025-01-15T03:05:16.737Z - Closed a connection. Number of open connections: 3
[NX Daemon Server] - 2025-01-15T03:05:16.738Z - Established a connection. Number of open connections: 4
[NX Daemon Server] - 2025-01-15T03:05:16.738Z - Established a connection. Number of open connections: 5
[NX Daemon Server] - 2025-01-15T03:05:16.738Z - Closed a connection. Number of open connections: 4
[NX Daemon Server] - 2025-01-15T03:05:16.738Z - [REQUEST]: Client Request for Project Graph Received
[NX Daemon Server] - 2025-01-15T03:05:16.738Z - [REQUEST]: Responding to the client. project-graph
[NX Daemon Server] - 2025-01-15T03:05:16.739Z - Done responding to the client project-graph
[NX Daemon Server] - 2025-01-15T03:05:16.739Z - Handled REQUEST_PROJECT_GRAPH. Handling time: 0. Response time: 1.
[NX Daemon Server] - 2025-01-15T03:05:16.739Z - Time taken for 'total for creating and serializing project graph' 0.1531820000091102ms
[NX Daemon Server] - 2025-01-15T03:05:16.740Z - [REQUEST]: Client Request for Project Graph Received
[NX Daemon Server] - 2025-01-15T03:05:16.740Z - [REQUEST]: Responding to the client. project-graph
[NX Daemon Server] - 2025-01-15T03:05:16.741Z - Done responding to the client project-graph
[NX Daemon Server] - 2025-01-15T03:05:16.741Z - Handled REQUEST_PROJECT_GRAPH. Handling time: 0. Response time: 1.
[NX Daemon Server] - 2025-01-15T03:05:16.741Z - Time taken for 'total for creating and serializing project graph' 0.18390699999872595ms
[NX Daemon Server] - 2025-01-15T03:05:16.742Z - Established a connection. Number of open connections: 5
[NX Daemon Server] - 2025-01-15T03:05:35.387Z - [WATCHER]: packages/animals/package.json was modified
[NX Daemon Server] - 2025-01-15T03:05:35.388Z - [REQUEST]: Responding to the client. File watch changed
[NX Daemon Server] - 2025-01-15T03:05:35.388Z - [REQUEST]: Responding to the client. File watch changed
[NX Daemon Server] - 2025-01-15T03:05:35.388Z - Done responding to the client File watch changed
[NX Daemon Server] - 2025-01-15T03:05:35.388Z - Done responding to the client File watch changed
[NX Daemon Server] - 2025-01-15T03:05:35.388Z - Handled FILE-WATCH-CHANGED. Handling time: 0. Response time: 0.
[NX Daemon Server] - 2025-01-15T03:05:35.388Z - Handled FILE-WATCH-CHANGED. Handling time: 0. Response time: 0.
[NX Daemon Server] - 2025-01-15T03:05:35.388Z - [WATCHER]: Processing file changes in outputs
[NX Daemon Server] - 2025-01-15T03:05:35.388Z - Time taken for 'changed-projects' 0.14792000001762062ms
[NX Daemon Server] - 2025-01-15T03:05:35.487Z - [REQUEST]: Updated workspace context based on watched changes, recomputing project graph...
[NX Daemon Server] - 2025-01-15T03:05:35.487Z - [REQUEST]: packages/animals/package.json
[NX Daemon Server] - 2025-01-15T03:05:35.487Z - [REQUEST]: 
[NX Daemon Server] - 2025-01-15T03:05:35.495Z - Time taken for 'hash changed files from watcher' 0.059972999995807186ms
[NX Daemon Server] - 2025-01-15T03:05:35.499Z - Time taken for 'build-project-configs' 8.69071600001189ms
[NX Daemon Server] - 2025-01-15T03:05:35.499Z - Time taken for '@nx/js/typescript:createDependencies' 1.9328590000222903ms
[NX Daemon Server] - 2025-01-15T03:05:35.509Z - [SYNC]: collect registered sync generators
[NX Daemon Server] - 2025-01-15T03:05:35.509Z - [SYNC]: nx.json hash is the same, not collecting global sync generators
[NX Daemon Server] - 2025-01-15T03:05:35.509Z - [SYNC]: scheduling: ["@nx/js:typescript-sync"]
[NX Daemon Server] - 2025-01-15T03:05:35.509Z - Time taken for 'total execution time for createProjectGraph()' 10.158809999993537ms
[NX Daemon Server] - 2025-01-15T03:05:35.889Z - [REQUEST]: Client Request for Project Graph Received
[NX Daemon Server] - 2025-01-15T03:05:35.889Z - [REQUEST]: Responding to the client. project-graph
[NX Daemon Server] - 2025-01-15T03:05:35.889Z - Done responding to the client project-graph
[NX Daemon Server] - 2025-01-15T03:05:35.889Z - Handled REQUEST_PROJECT_GRAPH. Handling time: 0. Response time: 0.
[NX Daemon Server] - 2025-01-15T03:05:35.889Z - Time taken for 'total for creating and serializing project graph' 0.18618799999239855ms
[NX Daemon Server] - 2025-01-15T03:05:36.390Z - Established a connection. Number of open connections: 6
[NX Daemon Server] - 2025-01-15T03:05:36.390Z - [REQUEST]: Client Request for Project Graph Received
[NX Daemon Server] - 2025-01-15T03:05:36.391Z - [REQUEST]: Responding to the client. project-graph
[NX Daemon Server] - 2025-01-15T03:05:36.391Z - Done responding to the client project-graph
[NX Daemon Server] - 2025-01-15T03:05:36.391Z - Handled REQUEST_PROJECT_GRAPH. Handling time: 1. Response time: 0.
[NX Daemon Server] - 2025-01-15T03:05:36.391Z - Time taken for 'total for creating and serializing project graph' 0.2930099999939557ms
[NX Daemon Server] - 2025-01-15T03:05:36.391Z - Closed a connection. Number of open connections: 5
[NX Daemon Server] - 2025-01-15T03:05:36.393Z - [REQUEST]: Responding to the client. handleContextFileData
[NX Daemon Server] - 2025-01-15T03:05:36.393Z - Done responding to the client handleContextFileData
[NX Daemon Server] - 2025-01-15T03:05:36.393Z - Handled GET_CONTEXT_FILE_DATA. Handling time: 0. Response time: 0.
[NX Daemon Server] - 2025-01-15T03:05:36.394Z - Closed a connection. Number of open connections: 4
[NX Daemon Server] - 2025-01-15T03:05:36.411Z - Closed a connection. Number of open connections: 3
[NX Daemon Server] - 2025-01-15T03:05:36.412Z - Established a connection. Number of open connections: 4
[NX Daemon Server] - 2025-01-15T03:05:36.412Z - Established a connection. Number of open connections: 5
[NX Daemon Server] - 2025-01-15T03:05:36.412Z - Closed a connection. Number of open connections: 4
[NX Daemon Server] - 2025-01-15T03:05:36.413Z - [REQUEST]: Client Request for Project Graph Received
[NX Daemon Server] - 2025-01-15T03:05:36.413Z - [REQUEST]: Responding to the client. project-graph
[NX Daemon Server] - 2025-01-15T03:05:36.413Z - Done responding to the client project-graph
[NX Daemon Server] - 2025-01-15T03:05:36.413Z - Handled REQUEST_PROJECT_GRAPH. Handling time: 1. Response time: 0.
[NX Daemon Server] - 2025-01-15T03:05:36.413Z - Time taken for 'total for creating and serializing project graph' 0.15409299999009818ms
[NX Daemon Server] - 2025-01-15T03:05:36.414Z - [REQUEST]: Client Request for Project Graph Received
[NX Daemon Server] - 2025-01-15T03:05:36.414Z - [REQUEST]: Responding to the client. project-graph
[NX Daemon Server] - 2025-01-15T03:05:36.415Z - Done responding to the client project-graph
[NX Daemon Server] - 2025-01-15T03:05:36.415Z - Handled REQUEST_PROJECT_GRAPH. Handling time: 0. Response time: 1.
[NX Daemon Server] - 2025-01-15T03:05:36.415Z - Time taken for 'total for creating and serializing project graph' 0.18544299999484792ms
[NX Daemon Server] - 2025-01-15T03:05:36.416Z - Established a connection. Number of open connections: 5
[NX Daemon Server] - 2025-01-15T03:05:37.109Z - [SYNC]: running scheduled generator @nx/js:typescript-sync
[NX Daemon Server] - 2025-01-15T03:05:37.110Z - [REQUEST]: Client Request for Project Graph Received
[NX Daemon Server] - 2025-01-15T03:05:37.110Z - [REQUEST]: Responding to the client. project-graph
[NX Daemon Server] - 2025-01-15T03:05:37.111Z - Done responding to the client project-graph
[NX Daemon Server] - 2025-01-15T03:05:37.111Z - Handled REQUEST_PROJECT_GRAPH. Handling time: 0. Response time: 1.
[NX Daemon Server] - 2025-01-15T03:05:37.111Z - Time taken for 'total for creating and serializing project graph' 0.14616899998509325ms
[NX Daemon Server] - 2025-01-15T03:05:37.127Z - [SYNC]: @nx/js:typescript-sync changes: 
[NX Daemon Server] - 2025-01-15T03:05:37.127Z - Time taken for 'run-sync-generator:@nx/js:typescript-sync' 17.142900999984704ms
[NX Daemon Server] - 2025-01-15T03:05:46.860Z - [WATCHER]: packages/animals/package.json was modified
[NX Daemon Server] - 2025-01-15T03:05:46.860Z - [REQUEST]: Responding to the client. File watch changed
[NX Daemon Server] - 2025-01-15T03:05:46.860Z - [REQUEST]: Responding to the client. File watch changed
[NX Daemon Server] - 2025-01-15T03:05:46.860Z - Done responding to the client File watch changed
[NX Daemon Server] - 2025-01-15T03:05:46.860Z - Done responding to the client File watch changed
[NX Daemon Server] - 2025-01-15T03:05:46.860Z - Handled FILE-WATCH-CHANGED. Handling time: 0. Response time: 0.
[NX Daemon Server] - 2025-01-15T03:05:46.860Z - Handled FILE-WATCH-CHANGED. Handling time: 0. Response time: 0.
[NX Daemon Server] - 2025-01-15T03:05:46.860Z - [WATCHER]: Processing file changes in outputs
[NX Daemon Server] - 2025-01-15T03:05:46.861Z - Time taken for 'changed-projects' 0.053238000022247434ms
[NX Daemon Server] - 2025-01-15T03:05:46.961Z - [REQUEST]: Updated workspace context based on watched changes, recomputing project graph...
[NX Daemon Server] - 2025-01-15T03:05:46.961Z - [REQUEST]: packages/animals/package.json
[NX Daemon Server] - 2025-01-15T03:05:46.961Z - [REQUEST]: 
[NX Daemon Server] - 2025-01-15T03:05:46.966Z - Time taken for 'hash changed files from watcher' 0.06481999999959953ms
[NX Daemon Server] - 2025-01-15T03:05:46.969Z - Time taken for 'build-project-configs' 5.6183339999988675ms
[NX Daemon Server] - 2025-01-15T03:05:46.970Z - Time taken for '@nx/js/typescript:createDependencies' 1.7637419999809936ms
[NX Daemon Server] - 2025-01-15T03:05:46.978Z - [SYNC]: collect registered sync generators
[NX Daemon Server] - 2025-01-15T03:05:46.978Z - [SYNC]: project graph hash is the same, not collecting task sync generators
[NX Daemon Server] - 2025-01-15T03:05:46.978Z - [SYNC]: nx.json hash is the same, not collecting global sync generators
[NX Daemon Server] - 2025-01-15T03:05:46.978Z - [SYNC]: scheduling: ["@nx/js:typescript-sync"]
[NX Daemon Server] - 2025-01-15T03:05:46.978Z - Time taken for 'total execution time for createProjectGraph()' 8.560656999994535ms
[NX Daemon Server] - 2025-01-15T03:05:47.361Z - [REQUEST]: Client Request for Project Graph Received
[NX Daemon Server] - 2025-01-15T03:05:47.362Z - [REQUEST]: Responding to the client. project-graph
[NX Daemon Server] - 2025-01-15T03:05:47.362Z - Done responding to the client project-graph
[NX Daemon Server] - 2025-01-15T03:05:47.362Z - Handled REQUEST_PROJECT_GRAPH. Handling time: 1. Response time: 0.
[NX Daemon Server] - 2025-01-15T03:05:47.362Z - Time taken for 'total for creating and serializing project graph' 0.19848900000215508ms
[NX Daemon Server] - 2025-01-15T03:05:47.861Z - Established a connection. Number of open connections: 6
[NX Daemon Server] - 2025-01-15T03:05:47.862Z - [REQUEST]: Client Request for Project Graph Received
[NX Daemon Server] - 2025-01-15T03:05:47.862Z - [REQUEST]: Responding to the client. project-graph
[NX Daemon Server] - 2025-01-15T03:05:47.862Z - Done responding to the client project-graph
[NX Daemon Server] - 2025-01-15T03:05:47.862Z - Handled REQUEST_PROJECT_GRAPH. Handling time: 0. Response time: 0.
[NX Daemon Server] - 2025-01-15T03:05:47.862Z - Time taken for 'total for creating and serializing project graph' 0.1741479999909643ms
[NX Daemon Server] - 2025-01-15T03:05:47.862Z - Closed a connection. Number of open connections: 5
[NX Daemon Server] - 2025-01-15T03:05:47.864Z - [REQUEST]: Responding to the client. handleContextFileData
[NX Daemon Server] - 2025-01-15T03:05:47.864Z - Done responding to the client handleContextFileData
[NX Daemon Server] - 2025-01-15T03:05:47.864Z - Handled GET_CONTEXT_FILE_DATA. Handling time: 0. Response time: 0.
[NX Daemon Server] - 2025-01-15T03:05:47.864Z - Closed a connection. Number of open connections: 4
[NX Daemon Server] - 2025-01-15T03:05:47.879Z - Closed a connection. Number of open connections: 3
[NX Daemon Server] - 2025-01-15T03:05:47.880Z - Established a connection. Number of open connections: 4
[NX Daemon Server] - 2025-01-15T03:05:47.880Z - Closed a connection. Number of open connections: 3
[NX Daemon Server] - 2025-01-15T03:05:47.880Z - Established a connection. Number of open connections: 4
[NX Daemon Server] - 2025-01-15T03:05:47.881Z - [REQUEST]: Client Request for Project Graph Received
[NX Daemon Server] - 2025-01-15T03:05:47.881Z - [REQUEST]: Responding to the client. project-graph
[NX Daemon Server] - 2025-01-15T03:05:47.881Z - Done responding to the client project-graph
[NX Daemon Server] - 2025-01-15T03:05:47.881Z - Handled REQUEST_PROJECT_GRAPH. Handling time: 0. Response time: 0.
[NX Daemon Server] - 2025-01-15T03:05:47.881Z - Time taken for 'total for creating and serializing project graph' 0.1585029999841936ms
[NX Daemon Server] - 2025-01-15T03:05:47.882Z - [REQUEST]: Client Request for Project Graph Received
[NX Daemon Server] - 2025-01-15T03:05:47.883Z - [REQUEST]: Responding to the client. project-graph
[NX Daemon Server] - 2025-01-15T03:05:47.883Z - Done responding to the client project-graph
[NX Daemon Server] - 2025-01-15T03:05:47.883Z - Handled REQUEST_PROJECT_GRAPH. Handling time: 1. Response time: 0.
[NX Daemon Server] - 2025-01-15T03:05:47.883Z - Time taken for 'total for creating and serializing project graph' 0.16605400000116788ms
[NX Daemon Server] - 2025-01-15T03:05:47.884Z - Established a connection. Number of open connections: 5
[NX Daemon Server] - 2025-01-15T03:05:50.178Z - [SYNC]: running scheduled generator @nx/js:typescript-sync
[NX Daemon Server] - 2025-01-15T03:05:50.179Z - [REQUEST]: Client Request for Project Graph Received
[NX Daemon Server] - 2025-01-15T03:05:50.179Z - [REQUEST]: Responding to the client. project-graph
[NX Daemon Server] - 2025-01-15T03:05:50.180Z - Done responding to the client project-graph
[NX Daemon Server] - 2025-01-15T03:05:50.180Z - Handled REQUEST_PROJECT_GRAPH. Handling time: 0. Response time: 1.
[NX Daemon Server] - 2025-01-15T03:05:50.180Z - Time taken for 'total for creating and serializing project graph' 0.1431719999818597ms
[NX Daemon Server] - 2025-01-15T03:05:50.189Z - [SYNC]: @nx/js:typescript-sync changes: 
[NX Daemon Server] - 2025-01-15T03:05:50.189Z - Time taken for 'run-sync-generator:@nx/js:typescript-sync' 10.107007000013255ms
[NX Daemon Server] - 2025-01-15T03:06:02.247Z - [WATCHER]: packages/names/package.json was modified
[NX Daemon Server] - 2025-01-15T03:06:02.248Z - [REQUEST]: Responding to the client. File watch changed
[NX Daemon Server] - 2025-01-15T03:06:02.248Z - [REQUEST]: Responding to the client. File watch changed
[NX Daemon Server] - 2025-01-15T03:06:02.248Z - Done responding to the client File watch changed
[NX Daemon Server] - 2025-01-15T03:06:02.248Z - Done responding to the client File watch changed
[NX Daemon Server] - 2025-01-15T03:06:02.248Z - Handled FILE-WATCH-CHANGED. Handling time: 0. Response time: 0.
[NX Daemon Server] - 2025-01-15T03:06:02.248Z - Handled FILE-WATCH-CHANGED. Handling time: 0. Response time: 0.
[NX Daemon Server] - 2025-01-15T03:06:02.248Z - [WATCHER]: Processing file changes in outputs
[NX Daemon Server] - 2025-01-15T03:06:02.248Z - Time taken for 'changed-projects' 0.04679799999576062ms
[NX Daemon Server] - 2025-01-15T03:06:02.347Z - [REQUEST]: Updated workspace context based on watched changes, recomputing project graph...
[NX Daemon Server] - 2025-01-15T03:06:02.348Z - [REQUEST]: packages/names/package.json
[NX Daemon Server] - 2025-01-15T03:06:02.348Z - [REQUEST]: 
[NX Daemon Server] - 2025-01-15T03:06:02.353Z - Time taken for 'hash changed files from watcher' 0.07392399999662302ms
[NX Daemon Server] - 2025-01-15T03:06:02.356Z - Time taken for 'build-project-configs' 6.1239519999944605ms
[NX Daemon Server] - 2025-01-15T03:06:02.357Z - Time taken for '@nx/js/typescript:createDependencies' 1.3397380000096746ms
[NX Daemon Server] - 2025-01-15T03:06:02.365Z - [SYNC]: collect registered sync generators
[NX Daemon Server] - 2025-01-15T03:06:02.366Z - [SYNC]: nx.json hash is the same, not collecting global sync generators
[NX Daemon Server] - 2025-01-15T03:06:02.366Z - [SYNC]: scheduling: ["@nx/js:typescript-sync"]
[NX Daemon Server] - 2025-01-15T03:06:02.366Z - Time taken for 'total execution time for createProjectGraph()' 8.857262000004994ms
[NX Daemon Server] - 2025-01-15T03:06:02.749Z - [REQUEST]: Client Request for Project Graph Received
[NX Daemon Server] - 2025-01-15T03:06:02.749Z - [REQUEST]: Responding to the client. project-graph
[NX Daemon Server] - 2025-01-15T03:06:02.749Z - Done responding to the client project-graph
[NX Daemon Server] - 2025-01-15T03:06:02.749Z - Handled REQUEST_PROJECT_GRAPH. Handling time: 0. Response time: 0.
[NX Daemon Server] - 2025-01-15T03:06:02.749Z - Time taken for 'total for creating and serializing project graph' 0.18669400000362657ms
[NX Daemon Server] - 2025-01-15T03:06:03.249Z - Established a connection. Number of open connections: 6
[NX Daemon Server] - 2025-01-15T03:06:03.249Z - [REQUEST]: Client Request for Project Graph Received
[NX Daemon Server] - 2025-01-15T03:06:03.250Z - [REQUEST]: Responding to the client. project-graph
[NX Daemon Server] - 2025-01-15T03:06:03.250Z - Done responding to the client project-graph
[NX Daemon Server] - 2025-01-15T03:06:03.250Z - Handled REQUEST_PROJECT_GRAPH. Handling time: 1. Response time: 0.
[NX Daemon Server] - 2025-01-15T03:06:03.250Z - Time taken for 'total for creating and serializing project graph' 0.17696199999772944ms
[NX Daemon Server] - 2025-01-15T03:06:03.250Z - Closed a connection. Number of open connections: 5
[NX Daemon Server] - 2025-01-15T03:06:03.252Z - [REQUEST]: Responding to the client. handleContextFileData
[NX Daemon Server] - 2025-01-15T03:06:03.252Z - Done responding to the client handleContextFileData
[NX Daemon Server] - 2025-01-15T03:06:03.252Z - Handled GET_CONTEXT_FILE_DATA. Handling time: 0. Response time: 0.
[NX Daemon Server] - 2025-01-15T03:06:03.252Z - Closed a connection. Number of open connections: 4
[NX Daemon Server] - 2025-01-15T03:06:03.267Z - Closed a connection. Number of open connections: 3
[NX Daemon Server] - 2025-01-15T03:06:03.268Z - Established a connection. Number of open connections: 4
[NX Daemon Server] - 2025-01-15T03:06:03.268Z - Closed a connection. Number of open connections: 3
[NX Daemon Server] - 2025-01-15T03:06:03.268Z - Established a connection. Number of open connections: 4
[NX Daemon Server] - 2025-01-15T03:06:03.269Z - [REQUEST]: Client Request for Project Graph Received
[NX Daemon Server] - 2025-01-15T03:06:03.269Z - [REQUEST]: Responding to the client. project-graph
[NX Daemon Server] - 2025-01-15T03:06:03.269Z - Done responding to the client project-graph
[NX Daemon Server] - 2025-01-15T03:06:03.269Z - Handled REQUEST_PROJECT_GRAPH. Handling time: 0. Response time: 0.
[NX Daemon Server] - 2025-01-15T03:06:03.269Z - Time taken for 'total for creating and serializing project graph' 0.1699500000104308ms
[NX Daemon Server] - 2025-01-15T03:06:03.271Z - [REQUEST]: Client Request for Project Graph Received
[NX Daemon Server] - 2025-01-15T03:06:03.271Z - [REQUEST]: Responding to the client. project-graph
[NX Daemon Server] - 2025-01-15T03:06:03.272Z - Done responding to the client project-graph
[NX Daemon Server] - 2025-01-15T03:06:03.272Z - Handled REQUEST_PROJECT_GRAPH. Handling time: 0. Response time: 1.
[NX Daemon Server] - 2025-01-15T03:06:03.272Z - Time taken for 'total for creating and serializing project graph' 0.19378100000903942ms
[NX Daemon Server] - 2025-01-15T03:06:03.274Z - Established a connection. Number of open connections: 5
[NX Daemon Server] - 2025-01-15T03:06:08.766Z - [SYNC]: running scheduled generator @nx/js:typescript-sync
[NX Daemon Server] - 2025-01-15T03:06:08.767Z - [REQUEST]: Client Request for Project Graph Received
[NX Daemon Server] - 2025-01-15T03:06:08.767Z - [REQUEST]: Responding to the client. project-graph
[NX Daemon Server] - 2025-01-15T03:06:08.767Z - Done responding to the client project-graph
[NX Daemon Server] - 2025-01-15T03:06:08.767Z - Handled REQUEST_PROJECT_GRAPH. Handling time: 0. Response time: 0.
[NX Daemon Server] - 2025-01-15T03:06:08.767Z - Time taken for 'total for creating and serializing project graph' 0.22759599998244084ms
[NX Daemon Server] - 2025-01-15T03:06:08.781Z - [SYNC]: @nx/js:typescript-sync changes: 
[NX Daemon Server] - 2025-01-15T03:06:08.781Z - Time taken for 'run-sync-generator:@nx/js:typescript-sync' 15.086314000014681ms
[NX Daemon Server] - 2025-01-15T03:06:11.079Z - [WATCHER]: Processing file changes in outputs
[NX Daemon Server] - 2025-01-15T03:06:11.079Z - [WATCHER]: packages/names/package.json was modified
[NX Daemon Server] - 2025-01-15T03:06:11.079Z - [REQUEST]: Responding to the client. File watch changed
[NX Daemon Server] - 2025-01-15T03:06:11.080Z - [REQUEST]: Responding to the client. File watch changed
[NX Daemon Server] - 2025-01-15T03:06:11.080Z - Done responding to the client File watch changed
[NX Daemon Server] - 2025-01-15T03:06:11.080Z - Done responding to the client File watch changed
[NX Daemon Server] - 2025-01-15T03:06:11.080Z - Handled FILE-WATCH-CHANGED. Handling time: 0. Response time: 1.
[NX Daemon Server] - 2025-01-15T03:06:11.080Z - Handled FILE-WATCH-CHANGED. Handling time: 1. Response time: 0.
[NX Daemon Server] - 2025-01-15T03:06:11.080Z - Time taken for 'changed-projects' 0.04977199999848381ms
[NX Daemon Server] - 2025-01-15T03:06:11.180Z - [REQUEST]: Updated workspace context based on watched changes, recomputing project graph...
[NX Daemon Server] - 2025-01-15T03:06:11.180Z - [REQUEST]: packages/names/package.json
[NX Daemon Server] - 2025-01-15T03:06:11.180Z - [REQUEST]: 
[NX Daemon Server] - 2025-01-15T03:06:11.186Z - Time taken for 'hash changed files from watcher' 0.09703199999057688ms
[NX Daemon Server] - 2025-01-15T03:06:11.192Z - Time taken for 'build-project-configs' 8.517553999990923ms
[NX Daemon Server] - 2025-01-15T03:06:11.193Z - Time taken for '@nx/js/typescript:createDependencies' 2.295817000005627ms
[NX Daemon Server] - 2025-01-15T03:06:11.201Z - [SYNC]: collect registered sync generators
[NX Daemon Server] - 2025-01-15T03:06:11.202Z - [SYNC]: nx.json hash is the same, not collecting global sync generators
[NX Daemon Server] - 2025-01-15T03:06:11.202Z - [SYNC]: scheduling: ["@nx/js:typescript-sync"]
[NX Daemon Server] - 2025-01-15T03:06:11.202Z - Time taken for 'total execution time for createProjectGraph()' 8.954485000023851ms
[NX Daemon Server] - 2025-01-15T03:06:11.581Z - [REQUEST]: Client Request for Project Graph Received
[NX Daemon Server] - 2025-01-15T03:06:11.581Z - [REQUEST]: Responding to the client. project-graph
[NX Daemon Server] - 2025-01-15T03:06:11.581Z - Done responding to the client project-graph
[NX Daemon Server] - 2025-01-15T03:06:11.581Z - Handled REQUEST_PROJECT_GRAPH. Handling time: 0. Response time: 0.
[NX Daemon Server] - 2025-01-15T03:06:11.582Z - Time taken for 'total for creating and serializing project graph' 0.22183599998243153ms
[NX Daemon Server] - 2025-01-15T03:06:12.081Z - Established a connection. Number of open connections: 6
[NX Daemon Server] - 2025-01-15T03:06:12.082Z - [REQUEST]: Client Request for Project Graph Received
[NX Daemon Server] - 2025-01-15T03:06:12.082Z - [REQUEST]: Responding to the client. project-graph
[NX Daemon Server] - 2025-01-15T03:06:12.082Z - Done responding to the client project-graph
[NX Daemon Server] - 2025-01-15T03:06:12.082Z - Handled REQUEST_PROJECT_GRAPH. Handling time: 0. Response time: 0.
[NX Daemon Server] - 2025-01-15T03:06:12.082Z - Time taken for 'total for creating and serializing project graph' 0.15474700002232566ms
[NX Daemon Server] - 2025-01-15T03:06:12.082Z - Closed a connection. Number of open connections: 5
[NX Daemon Server] - 2025-01-15T03:06:12.084Z - [REQUEST]: Responding to the client. handleContextFileData
[NX Daemon Server] - 2025-01-15T03:06:12.084Z - Done responding to the client handleContextFileData
[NX Daemon Server] - 2025-01-15T03:06:12.084Z - Handled GET_CONTEXT_FILE_DATA. Handling time: 0. Response time: 0.
[NX Daemon Server] - 2025-01-15T03:06:12.084Z - Closed a connection. Number of open connections: 4
[NX Daemon Server] - 2025-01-15T03:06:12.099Z - Closed a connection. Number of open connections: 3
[NX Daemon Server] - 2025-01-15T03:06:12.100Z - Established a connection. Number of open connections: 4
[NX Daemon Server] - 2025-01-15T03:06:12.100Z - Established a connection. Number of open connections: 5
[NX Daemon Server] - 2025-01-15T03:06:12.100Z - Closed a connection. Number of open connections: 4
[NX Daemon Server] - 2025-01-15T03:06:12.101Z - [REQUEST]: Client Request for Project Graph Received
[NX Daemon Server] - 2025-01-15T03:06:12.101Z - [REQUEST]: Responding to the client. project-graph
[NX Daemon Server] - 2025-01-15T03:06:12.101Z - Done responding to the client project-graph
[NX Daemon Server] - 2025-01-15T03:06:12.101Z - Handled REQUEST_PROJECT_GRAPH. Handling time: 0. Response time: 0.
[NX Daemon Server] - 2025-01-15T03:06:12.101Z - Time taken for 'total for creating and serializing project graph' 0.14091700001154095ms
[NX Daemon Server] - 2025-01-15T03:06:12.102Z - [REQUEST]: Client Request for Project Graph Received
[NX Daemon Server] - 2025-01-15T03:06:12.102Z - [REQUEST]: Responding to the client. project-graph
[NX Daemon Server] - 2025-01-15T03:06:12.103Z - Done responding to the client project-graph
[NX Daemon Server] - 2025-01-15T03:06:12.103Z - Handled REQUEST_PROJECT_GRAPH. Handling time: 0. Response time: 1.
[NX Daemon Server] - 2025-01-15T03:06:12.103Z - Time taken for 'total for creating and serializing project graph' 0.14545499999076128ms
[NX Daemon Server] - 2025-01-15T03:06:12.104Z - Established a connection. Number of open connections: 5
[NX Daemon Server] - 2025-01-15T03:06:17.602Z - [SYNC]: running scheduled generator @nx/js:typescript-sync
[NX Daemon Server] - 2025-01-15T03:06:17.603Z - [REQUEST]: Client Request for Project Graph Received
[NX Daemon Server] - 2025-01-15T03:06:17.604Z - [REQUEST]: Responding to the client. project-graph
[NX Daemon Server] - 2025-01-15T03:06:17.604Z - Done responding to the client project-graph
[NX Daemon Server] - 2025-01-15T03:06:17.604Z - Handled REQUEST_PROJECT_GRAPH. Handling time: 1. Response time: 0.
[NX Daemon Server] - 2025-01-15T03:06:17.604Z - Time taken for 'total for creating and serializing project graph' 0.21526100000482984ms
[NX Daemon Server] - 2025-01-15T03:06:17.613Z - [SYNC]: @nx/js:typescript-sync changes: 
[NX Daemon Server] - 2025-01-15T03:06:17.614Z - Time taken for 'run-sync-generator:@nx/js:typescript-sync' 10.854896000004373ms
[NX Daemon Server] - 2025-01-15T03:06:44.670Z - [WATCHER]: packages/zoo/package.json was modified
[NX Daemon Server] - 2025-01-15T03:06:44.671Z - [REQUEST]: Responding to the client. File watch changed
[NX Daemon Server] - 2025-01-15T03:06:44.671Z - [REQUEST]: Responding to the client. File watch changed
[NX Daemon Server] - 2025-01-15T03:06:44.671Z - Done responding to the client File watch changed
[NX Daemon Server] - 2025-01-15T03:06:44.671Z - Done responding to the client File watch changed
[NX Daemon Server] - 2025-01-15T03:06:44.671Z - Handled FILE-WATCH-CHANGED. Handling time: 0. Response time: 0.
[NX Daemon Server] - 2025-01-15T03:06:44.671Z - Handled FILE-WATCH-CHANGED. Handling time: 0. Response time: 0.
[NX Daemon Server] - 2025-01-15T03:06:44.671Z - [WATCHER]: Processing file changes in outputs
[NX Daemon Server] - 2025-01-15T03:06:44.671Z - Time taken for 'changed-projects' 0.05411899997852743ms
[NX Daemon Server] - 2025-01-15T03:06:44.771Z - [REQUEST]: Updated workspace context based on watched changes, recomputing project graph...
[NX Daemon Server] - 2025-01-15T03:06:44.771Z - [REQUEST]: packages/zoo/package.json
[NX Daemon Server] - 2025-01-15T03:06:44.771Z - [REQUEST]: 
[NX Daemon Server] - 2025-01-15T03:06:44.775Z - Time taken for 'hash changed files from watcher' 0.08503499999642372ms
[NX Daemon Server] - 2025-01-15T03:06:44.779Z - Time taken for 'build-project-configs' 5.382356999994954ms
[NX Daemon Server] - 2025-01-15T03:06:44.779Z - Time taken for '@nx/js/typescript:createDependencies' 1.3752819999936037ms
[NX Daemon Server] - 2025-01-15T03:06:44.788Z - [SYNC]: collect registered sync generators
[NX Daemon Server] - 2025-01-15T03:06:44.788Z - [SYNC]: nx.json hash is the same, not collecting global sync generators
[NX Daemon Server] - 2025-01-15T03:06:44.788Z - [SYNC]: scheduling: ["@nx/js:typescript-sync"]
[NX Daemon Server] - 2025-01-15T03:06:44.788Z - Time taken for 'total execution time for createProjectGraph()' 8.084501999983331ms
[NX Daemon Server] - 2025-01-15T03:06:45.172Z - [REQUEST]: Client Request for Project Graph Received
[NX Daemon Server] - 2025-01-15T03:06:45.172Z - [REQUEST]: Responding to the client. project-graph
[NX Daemon Server] - 2025-01-15T03:06:45.172Z - Done responding to the client project-graph
[NX Daemon Server] - 2025-01-15T03:06:45.172Z - Handled REQUEST_PROJECT_GRAPH. Handling time: 0. Response time: 0.
[NX Daemon Server] - 2025-01-15T03:06:45.172Z - Time taken for 'total for creating and serializing project graph' 0.1861849999986589ms
[NX Daemon Server] - 2025-01-15T03:06:45.672Z - Established a connection. Number of open connections: 6
[NX Daemon Server] - 2025-01-15T03:06:45.673Z - [REQUEST]: Client Request for Project Graph Received
[NX Daemon Server] - 2025-01-15T03:06:45.673Z - [REQUEST]: Responding to the client. project-graph
[NX Daemon Server] - 2025-01-15T03:06:45.673Z - Done responding to the client project-graph
[NX Daemon Server] - 2025-01-15T03:06:45.673Z - Handled REQUEST_PROJECT_GRAPH. Handling time: 0. Response time: 0.
[NX Daemon Server] - 2025-01-15T03:06:45.673Z - Time taken for 'total for creating and serializing project graph' 0.17039799998747185ms
[NX Daemon Server] - 2025-01-15T03:06:45.673Z - Closed a connection. Number of open connections: 5
[NX Daemon Server] - 2025-01-15T03:06:45.675Z - [REQUEST]: Responding to the client. handleContextFileData
[NX Daemon Server] - 2025-01-15T03:06:45.675Z - Done responding to the client handleContextFileData
[NX Daemon Server] - 2025-01-15T03:06:45.675Z - Handled GET_CONTEXT_FILE_DATA. Handling time: 0. Response time: 0.
[NX Daemon Server] - 2025-01-15T03:06:45.675Z - Closed a connection. Number of open connections: 4
[NX Daemon Server] - 2025-01-15T03:06:45.690Z - Closed a connection. Number of open connections: 3
[NX Daemon Server] - 2025-01-15T03:06:45.690Z - Established a connection. Number of open connections: 4
[NX Daemon Server] - 2025-01-15T03:06:45.690Z - Established a connection. Number of open connections: 5
[NX Daemon Server] - 2025-01-15T03:06:45.691Z - Closed a connection. Number of open connections: 4
[NX Daemon Server] - 2025-01-15T03:06:45.691Z - [REQUEST]: Client Request for Project Graph Received
[NX Daemon Server] - 2025-01-15T03:06:45.691Z - [REQUEST]: Responding to the client. project-graph
[NX Daemon Server] - 2025-01-15T03:06:45.691Z - Done responding to the client project-graph
[NX Daemon Server] - 2025-01-15T03:06:45.691Z - Handled REQUEST_PROJECT_GRAPH. Handling time: 0. Response time: 0.
[NX Daemon Server] - 2025-01-15T03:06:45.691Z - Time taken for 'total for creating and serializing project graph' 0.1564619999844581ms
[NX Daemon Server] - 2025-01-15T03:06:45.693Z - [REQUEST]: Client Request for Project Graph Received
[NX Daemon Server] - 2025-01-15T03:06:45.693Z - [REQUEST]: Responding to the client. project-graph
[NX Daemon Server] - 2025-01-15T03:06:45.693Z - Done responding to the client project-graph
[NX Daemon Server] - 2025-01-15T03:06:45.693Z - Handled REQUEST_PROJECT_GRAPH. Handling time: 0. Response time: 0.
[NX Daemon Server] - 2025-01-15T03:06:45.693Z - Time taken for 'total for creating and serializing project graph' 0.18314000000827946ms
[NX Daemon Server] - 2025-01-15T03:06:45.694Z - Established a connection. Number of open connections: 5
[NX Daemon Server] - 2025-01-15T03:06:51.188Z - [SYNC]: running scheduled generator @nx/js:typescript-sync
[NX Daemon Server] - 2025-01-15T03:06:51.189Z - [REQUEST]: Client Request for Project Graph Received
[NX Daemon Server] - 2025-01-15T03:06:51.189Z - [REQUEST]: Responding to the client. project-graph
[NX Daemon Server] - 2025-01-15T03:06:51.189Z - Done responding to the client project-graph
[NX Daemon Server] - 2025-01-15T03:06:51.189Z - Handled REQUEST_PROJECT_GRAPH. Handling time: 0. Response time: 0.
[NX Daemon Server] - 2025-01-15T03:06:51.189Z - Time taken for 'total for creating and serializing project graph' 0.14454499998828396ms
[NX Daemon Server] - 2025-01-15T03:06:51.204Z - [SYNC]: @nx/js:typescript-sync changes: 
[NX Daemon Server] - 2025-01-15T03:06:51.204Z - Time taken for 'run-sync-generator:@nx/js:typescript-sync' 15.745892000006279ms
[NX Daemon Server] - 2025-01-15T03:06:53.761Z - Established a connection. Number of open connections: 6
[NX Daemon Server] - 2025-01-15T03:06:53.762Z - Closed a connection. Number of open connections: 5
[NX Daemon Server] - 2025-01-15T03:06:53.763Z - Established a connection. Number of open connections: 6
[NX Daemon Server] - 2025-01-15T03:06:53.764Z - [REQUEST]: Responding to the client. Shutdown initiated
[NX Daemon Server] - 2025-01-15T03:06:53.764Z - Done responding to the client Shutdown initiated
[NX Daemon Server] - 2025-01-15T03:06:53.764Z - Handled FORCE_SHUTDOWN. Handling time: 0. Response time: 0.
[NX Daemon Server] - 2025-01-15T03:06:53.766Z - [WATCHER]: Stopping the watcher for /home/daniel/Documents/Coding_Projects/ai-ml/2ndBrain_Joose/tuskydesign (sources)
[NX Daemon Server] - 2025-01-15T03:06:53.766Z - Closed a connection. Number of open connections: 5
[NX Daemon Server] - 2025-01-15T03:06:53.766Z - Closed a connection. Number of open connections: 4
[NX Daemon Server] - 2025-01-15T03:06:53.766Z - Closed a connection. Number of open connections: 3
[NX Daemon Server] - 2025-01-15T03:06:53.766Z - Closed a connection. Number of open connections: 2
[NX Daemon Server] - 2025-01-15T03:06:53.766Z - Closed a connection. Number of open connections: 1
[NX Daemon Server] - 2025-01-15T03:06:53.766Z - Closed a connection. Number of open connections: 0
[NX Daemon Server] - 2025-01-15T03:06:53.766Z - [WATCHER]: Stopping the watcher for /home/daniel/Documents/Coding_Projects/ai-ml/2ndBrain_Joose/tuskydesign (outputs)
[NX Daemon Server] - 2025-01-15T03:06:54.585Z - Started listening on: /tmp/1c1781ad4910766e6c3a/d.sock
[NX Daemon Server] - 2025-01-15T03:06:54.587Z - [WATCHER]: Subscribed to changes within: /home/daniel/Documents/Coding_Projects/ai-ml/2ndBrain_Joose/tuskydesign (native)
[NX Daemon Server] - 2025-01-15T03:06:54.589Z - Established a connection. Number of open connections: 1
[NX Daemon Server] - 2025-01-15T03:06:54.591Z - Closed a connection. Number of open connections: 0
[NX Daemon Server] - 2025-01-15T03:06:54.598Z - Established a connection. Number of open connections: 1
[NX Daemon Server] - 2025-01-15T03:06:54.599Z - Closed a connection. Number of open connections: 0
[NX Daemon Server] - 2025-01-15T03:06:54.599Z - Established a connection. Number of open connections: 1
[NX Daemon Server] - 2025-01-15T03:06:54.600Z - [REQUEST]: Client Request for Project Graph Received
[NX Daemon Server] - 2025-01-15T03:06:54.782Z - Time taken for 'Load Nx Plugin: /home/daniel/Documents/Coding_Projects/ai-ml/2ndBrain_Joose/tuskydesign/node_modules/nx/src/plugins/js' 180.084424ms
[NX Daemon Server] - 2025-01-15T03:06:54.784Z - Time taken for 'Load Nx Plugin: /home/daniel/Documents/Coding_Projects/ai-ml/2ndBrain_Joose/tuskydesign/node_modules/nx/src/plugins/project-json/build-nodes/project-json' 181.92851700000003ms
[NX Daemon Server] - 2025-01-15T03:06:54.784Z - Time taken for 'Load Nx Plugin: /home/daniel/Documents/Coding_Projects/ai-ml/2ndBrain_Joose/tuskydesign/node_modules/nx/src/plugins/package-json' 182.909555ms
[NX Daemon Server] - 2025-01-15T03:06:54.810Z - [REQUEST]: Updated workspace context based on watched changes, recomputing project graph...
[NX Daemon Server] - 2025-01-15T03:06:54.810Z - [REQUEST]: 
[NX Daemon Server] - 2025-01-15T03:06:54.810Z - [REQUEST]: 
[NX Daemon Server] - 2025-01-15T03:06:54.821Z - Time taken for 'loadNxPlugins' 208.792547ms
[NX Daemon Server] - 2025-01-15T03:06:55.020Z - Time taken for 'build-project-configs' 197.190292ms
[NX Daemon Server] - 2025-01-15T03:06:55.021Z - Time taken for '@nx/js/typescript:createDependencies' 1.8035320000000183ms
[NX Daemon Server] - 2025-01-15T03:06:55.028Z - [SYNC]: collect registered sync generators
[NX Daemon Server] - 2025-01-15T03:06:55.028Z - [SYNC]: scheduling: ["@nx/js:typescript-sync"]
[NX Daemon Server] - 2025-01-15T03:06:55.028Z - [REQUEST]: Responding to the client. project-graph
[NX Daemon Server] - 2025-01-15T03:06:55.029Z - Done responding to the client project-graph
[NX Daemon Server] - 2025-01-15T03:06:55.029Z - Handled REQUEST_PROJECT_GRAPH. Handling time: 428. Response time: 1.
[NX Daemon Server] - 2025-01-15T03:06:55.029Z - Time taken for 'total for creating and serializing project graph' 428.51616599999994ms
[NX Daemon Server] - 2025-01-15T03:06:55.033Z - [REQUEST]: Responding to the client. handleContextFileData
[NX Daemon Server] - 2025-01-15T03:06:55.033Z - Done responding to the client handleContextFileData
[NX Daemon Server] - 2025-01-15T03:06:55.033Z - Handled GET_CONTEXT_FILE_DATA. Handling time: 0. Response time: 0.
[NX Daemon Server] - 2025-01-15T03:06:55.034Z - Closed a connection. Number of open connections: 0
[NX Daemon Server] - 2025-01-15T03:06:55.087Z - Established a connection. Number of open connections: 1
[NX Daemon Server] - 2025-01-15T03:06:55.087Z - Established a connection. Number of open connections: 2
[NX Daemon Server] - 2025-01-15T03:06:55.087Z - Closed a connection. Number of open connections: 1
[NX Daemon Server] - 2025-01-15T03:06:55.087Z - [REQUEST]: Client Request for Project Graph Received
[NX Daemon Server] - 2025-01-15T03:06:55.088Z - [REQUEST]: Responding to the client. project-graph
[NX Daemon Server] - 2025-01-15T03:06:55.088Z - Done responding to the client project-graph
[NX Daemon Server] - 2025-01-15T03:06:55.088Z - Handled REQUEST_PROJECT_GRAPH. Handling time: 1. Response time: 0.
[NX Daemon Server] - 2025-01-15T03:06:55.088Z - Time taken for 'total for creating and serializing project graph' 0.1893479999999954ms
[NX Daemon Server] - 2025-01-15T03:06:55.089Z - [REQUEST]: Client Request for Project Graph Received
[NX Daemon Server] - 2025-01-15T03:06:55.089Z - [REQUEST]: Responding to the client. project-graph
[NX Daemon Server] - 2025-01-15T03:06:55.090Z - Done responding to the client project-graph
[NX Daemon Server] - 2025-01-15T03:06:55.090Z - Handled REQUEST_PROJECT_GRAPH. Handling time: 0. Response time: 1.
[NX Daemon Server] - 2025-01-15T03:06:55.090Z - Time taken for 'total for creating and serializing project graph' 0.15744499999993877ms
[NX Daemon Server] - 2025-01-15T03:06:55.091Z - Established a connection. Number of open connections: 2
[NX Daemon Server] - 2025-01-15T03:06:55.094Z - Established a connection. Number of open connections: 3
[NX Daemon Server] - 2025-01-15T03:06:55.095Z - [REQUEST]: Client Request for Project Graph Received
[NX Daemon Server] - 2025-01-15T03:06:55.095Z - [REQUEST]: Responding to the client. project-graph
[NX Daemon Server] - 2025-01-15T03:06:55.095Z - Done responding to the client project-graph
[NX Daemon Server] - 2025-01-15T03:06:55.095Z - Handled REQUEST_PROJECT_GRAPH. Handling time: 0. Response time: 0.
[NX Daemon Server] - 2025-01-15T03:06:55.095Z - Time taken for 'total for creating and serializing project graph' 0.22827399999994213ms
[NX Daemon Server] - 2025-01-15T03:06:55.096Z - Closed a connection. Number of open connections: 2
[NX Daemon Server] - 2025-01-15T03:06:55.097Z - [REQUEST]: Responding to the client. handleContextFileData
[NX Daemon Server] - 2025-01-15T03:06:55.098Z - Done responding to the client handleContextFileData
[NX Daemon Server] - 2025-01-15T03:06:55.098Z - Handled GET_CONTEXT_FILE_DATA. Handling time: 0. Response time: 1.
[NX Daemon Server] - 2025-01-15T03:06:55.098Z - Closed a connection. Number of open connections: 1
[NX Daemon Server] - 2025-01-15T03:06:55.123Z - Closed a connection. Number of open connections: 0
[NX Daemon Server] - 2025-01-15T03:06:55.124Z - Established a connection. Number of open connections: 1
[NX Daemon Server] - 2025-01-15T03:06:55.124Z - Established a connection. Number of open connections: 2
[NX Daemon Server] - 2025-01-15T03:06:55.124Z - Closed a connection. Number of open connections: 1
[NX Daemon Server] - 2025-01-15T03:06:55.125Z - [REQUEST]: Client Request for Project Graph Received
[NX Daemon Server] - 2025-01-15T03:06:55.125Z - [REQUEST]: Responding to the client. project-graph
[NX Daemon Server] - 2025-01-15T03:06:55.125Z - Done responding to the client project-graph
[NX Daemon Server] - 2025-01-15T03:06:55.125Z - Handled REQUEST_PROJECT_GRAPH. Handling time: 0. Response time: 0.
[NX Daemon Server] - 2025-01-15T03:06:55.125Z - Time taken for 'total for creating and serializing project graph' 0.16865099999995437ms
[NX Daemon Server] - 2025-01-15T03:06:55.126Z - [REQUEST]: Client Request for Project Graph Received
[NX Daemon Server] - 2025-01-15T03:06:55.127Z - [REQUEST]: Responding to the client. project-graph
[NX Daemon Server] - 2025-01-15T03:06:55.127Z - Done responding to the client project-graph
[NX Daemon Server] - 2025-01-15T03:06:55.127Z - Handled REQUEST_PROJECT_GRAPH. Handling time: 1. Response time: 0.
[NX Daemon Server] - 2025-01-15T03:06:55.127Z - Time taken for 'total for creating and serializing project graph' 0.15571399999998903ms
[NX Daemon Server] - 2025-01-15T03:06:55.128Z - Established a connection. Number of open connections: 2
[NX Daemon Server] - 2025-01-15T03:06:55.129Z - [SYNC]: running scheduled generator @nx/js:typescript-sync
[NX Daemon Server] - 2025-01-15T03:06:55.332Z - Established a connection. Number of open connections: 3
[NX Daemon Server] - 2025-01-15T03:06:55.333Z - Established a connection. Number of open connections: 4
[NX Daemon Server] - 2025-01-15T03:06:55.334Z - Closed a connection. Number of open connections: 3
[NX Daemon Server] - 2025-01-15T03:06:55.334Z - [REQUEST]: Client Request for Project Graph Received
[NX Daemon Server] - 2025-01-15T03:06:55.334Z - [REQUEST]: Responding to the client. project-graph
[NX Daemon Server] - 2025-01-15T03:06:55.334Z - Done responding to the client project-graph
[NX Daemon Server] - 2025-01-15T03:06:55.334Z - Handled REQUEST_PROJECT_GRAPH. Handling time: 0. Response time: 0.
[NX Daemon Server] - 2025-01-15T03:06:55.334Z - Time taken for 'total for creating and serializing project graph' 0.15870299999994586ms
[NX Daemon Server] - 2025-01-15T03:06:55.363Z - [SYNC]: @nx/js:typescript-sync changes: 
[NX Daemon Server] - 2025-01-15T03:06:55.363Z - Time taken for 'run-sync-generator:@nx/js:typescript-sync' 234.02460599999995ms
[NX Daemon Server] - 2025-01-15T03:06:55.594Z - Established a connection. Number of open connections: 4
[NX Daemon Server] - 2025-01-15T03:06:55.595Z - Closed a connection. Number of open connections: 3
[NX Daemon Server] - 2025-01-15T03:06:55.596Z - Established a connection. Number of open connections: 4
[NX Daemon Server] - 2025-01-15T03:06:55.597Z - [REQUEST]: Client Request for Project Graph Received
[NX Daemon Server] - 2025-01-15T03:06:55.598Z - [REQUEST]: Responding to the client. project-graph
[NX Daemon Server] - 2025-01-15T03:06:55.598Z - Done responding to the client project-graph
[NX Daemon Server] - 2025-01-15T03:06:55.598Z - Handled REQUEST_PROJECT_GRAPH. Handling time: 1. Response time: 0.
[NX Daemon Server] - 2025-01-15T03:06:55.598Z - Time taken for 'total for creating and serializing project graph' 0.20562999999992826ms
[NX Daemon Server] - 2025-01-15T03:06:55.609Z - [REQUEST]: Client Request for Project Graph Received
[NX Daemon Server] - 2025-01-15T03:06:55.609Z - [REQUEST]: Responding to the client. project-graph
[NX Daemon Server] - 2025-01-15T03:06:55.609Z - Done responding to the client project-graph
[NX Daemon Server] - 2025-01-15T03:06:55.609Z - Handled REQUEST_PROJECT_GRAPH. Handling time: 0. Response time: 0.
[NX Daemon Server] - 2025-01-15T03:06:55.609Z - Time taken for 'total for creating and serializing project graph' 0.1965740000000551ms
[NX Daemon Server] - 2025-01-15T03:06:55.611Z - Established a connection. Number of open connections: 5
[NX Daemon Server] - 2025-01-15T03:06:55.611Z - [REQUEST]: Client Request for Project Graph Received
[NX Daemon Server] - 2025-01-15T03:06:55.611Z - [REQUEST]: Responding to the client. project-graph
[NX Daemon Server] - 2025-01-15T03:06:55.611Z - Done responding to the client project-graph
[NX Daemon Server] - 2025-01-15T03:06:55.611Z - Handled REQUEST_PROJECT_GRAPH. Handling time: 0. Response time: 0.
[NX Daemon Server] - 2025-01-15T03:06:55.611Z - Time taken for 'total for creating and serializing project graph' 0.1564690000000155ms
[NX Daemon Server] - 2025-01-15T03:06:57.079Z - Established a connection. Number of open connections: 6
[NX Daemon Server] - 2025-01-15T03:06:57.079Z - Closed a connection. Number of open connections: 5
[NX Daemon Server] - 2025-01-15T03:06:57.080Z - Established a connection. Number of open connections: 6
[NX Daemon Server] - 2025-01-15T03:06:57.081Z - [REQUEST]: Responding to the client. Shutdown initiated
[NX Daemon Server] - 2025-01-15T03:06:57.081Z - Done responding to the client Shutdown initiated
[NX Daemon Server] - 2025-01-15T03:06:57.081Z - Handled FORCE_SHUTDOWN. Handling time: 0. Response time: 0.
[NX Daemon Server] - 2025-01-15T03:06:57.083Z - Closed a connection. Number of open connections: 5
[NX Daemon Server] - 2025-01-15T03:06:57.083Z - Closed a connection. Number of open connections: 4
[NX Daemon Server] - 2025-01-15T03:06:57.083Z - Closed a connection. Number of open connections: 3
[NX Daemon Server] - 2025-01-15T03:06:57.083Z - Closed a connection. Number of open connections: 2
[NX Daemon Server] - 2025-01-15T03:06:57.083Z - Closed a connection. Number of open connections: 1
[NX Daemon Server] - 2025-01-15T03:06:57.083Z - Closed a connection. Number of open connections: 0
[NX Daemon Server] - 2025-01-15T03:06:57.083Z - [WATCHER]: Stopping the watcher for /home/daniel/Documents/Coding_Projects/ai-ml/2ndBrain_Joose/tuskydesign (sources)
[NX Daemon Server] - 2025-01-15T03:06:57.083Z - [WATCHER]: Stopping the watcher for /home/daniel/Documents/Coding_Projects/ai-ml/2ndBrain_Joose/tuskydesign (outputs)
[NX Daemon Server] - 2025-01-15T03:06:57.909Z - Started listening on: /tmp/1c1781ad4910766e6c3a/d.sock
[NX Daemon Server] - 2025-01-15T03:06:57.911Z - [WATCHER]: Subscribed to changes within: /home/daniel/Documents/Coding_Projects/ai-ml/2ndBrain_Joose/tuskydesign (native)
[NX Daemon Server] - 2025-01-15T03:06:57.917Z - Established a connection. Number of open connections: 1
[NX Daemon Server] - 2025-01-15T03:06:57.919Z - Closed a connection. Number of open connections: 0
[NX Daemon Server] - 2025-01-15T03:06:57.930Z - Established a connection. Number of open connections: 1
[NX Daemon Server] - 2025-01-15T03:06:57.931Z - Closed a connection. Number of open connections: 0
[NX Daemon Server] - 2025-01-15T03:06:57.931Z - Established a connection. Number of open connections: 1
[NX Daemon Server] - 2025-01-15T03:06:57.932Z - [REQUEST]: Client Request for Project Graph Received
[NX Daemon Server] - 2025-01-15T03:06:58.105Z - Time taken for 'Load Nx Plugin: /home/daniel/Documents/Coding_Projects/ai-ml/2ndBrain_Joose/tuskydesign/node_modules/nx/src/plugins/project-json/build-nodes/project-json' 170.50075999999999ms
[NX Daemon Server] - 2025-01-15T03:06:58.108Z - Time taken for 'Load Nx Plugin: /home/daniel/Documents/Coding_Projects/ai-ml/2ndBrain_Joose/tuskydesign/node_modules/nx/src/plugins/package-json' 173.86833499999997ms
[NX Daemon Server] - 2025-01-15T03:06:58.111Z - Time taken for 'Load Nx Plugin: /home/daniel/Documents/Coding_Projects/ai-ml/2ndBrain_Joose/tuskydesign/node_modules/nx/src/plugins/js' 177.69825499999996ms
[NX Daemon Server] - 2025-01-15T03:06:58.138Z - [REQUEST]: Updated workspace context based on watched changes, recomputing project graph...
[NX Daemon Server] - 2025-01-15T03:06:58.138Z - [REQUEST]: 
[NX Daemon Server] - 2025-01-15T03:06:58.138Z - [REQUEST]: 
[NX Daemon Server] - 2025-01-15T03:06:58.146Z - Time taken for 'loadNxPlugins' 204.313247ms
[NX Daemon Server] - 2025-01-15T03:06:58.336Z - Time taken for 'build-project-configs' 185.277153ms
[NX Daemon Server] - 2025-01-15T03:06:58.337Z - Time taken for '@nx/js/typescript:createDependencies' 2.3309430000000475ms
[NX Daemon Server] - 2025-01-15T03:06:58.344Z - [SYNC]: collect registered sync generators
[NX Daemon Server] - 2025-01-15T03:06:58.344Z - [SYNC]: scheduling: ["@nx/js:typescript-sync"]
[NX Daemon Server] - 2025-01-15T03:06:58.345Z - [REQUEST]: Responding to the client. project-graph
[NX Daemon Server] - 2025-01-15T03:06:58.345Z - Done responding to the client project-graph
[NX Daemon Server] - 2025-01-15T03:06:58.345Z - Handled REQUEST_PROJECT_GRAPH. Handling time: 412. Response time: 1.
[NX Daemon Server] - 2025-01-15T03:06:58.345Z - Time taken for 'total for creating and serializing project graph' 412.48204799999996ms
[NX Daemon Server] - 2025-01-15T03:06:58.348Z - [REQUEST]: Responding to the client. handleContextFileData
[NX Daemon Server] - 2025-01-15T03:06:58.348Z - Done responding to the client handleContextFileData
[NX Daemon Server] - 2025-01-15T03:06:58.348Z - Handled GET_CONTEXT_FILE_DATA. Handling time: 0. Response time: 0.
[NX Daemon Server] - 2025-01-15T03:06:58.349Z - Closed a connection. Number of open connections: 0
[NX Daemon Server] - 2025-01-15T03:06:58.406Z - Established a connection. Number of open connections: 1
[NX Daemon Server] - 2025-01-15T03:06:58.406Z - Established a connection. Number of open connections: 2
[NX Daemon Server] - 2025-01-15T03:06:58.406Z - Closed a connection. Number of open connections: 1
[NX Daemon Server] - 2025-01-15T03:06:58.407Z - [REQUEST]: Client Request for Project Graph Received
[NX Daemon Server] - 2025-01-15T03:06:58.407Z - [REQUEST]: Responding to the client. project-graph
[NX Daemon Server] - 2025-01-15T03:06:58.407Z - Done responding to the client project-graph
[NX Daemon Server] - 2025-01-15T03:06:58.407Z - Handled REQUEST_PROJECT_GRAPH. Handling time: 0. Response time: 0.
[NX Daemon Server] - 2025-01-15T03:06:58.407Z - Time taken for 'total for creating and serializing project graph' 0.18752500000005057ms
[NX Daemon Server] - 2025-01-15T03:06:58.409Z - [REQUEST]: Client Request for Project Graph Received
[NX Daemon Server] - 2025-01-15T03:06:58.409Z - [REQUEST]: Responding to the client. project-graph
[NX Daemon Server] - 2025-01-15T03:06:58.409Z - Done responding to the client project-graph
[NX Daemon Server] - 2025-01-15T03:06:58.409Z - Handled REQUEST_PROJECT_GRAPH. Handling time: 0. Response time: 0.
[NX Daemon Server] - 2025-01-15T03:06:58.409Z - Time taken for 'total for creating and serializing project graph' 0.17734900000004927ms
[NX Daemon Server] - 2025-01-15T03:06:58.410Z - Established a connection. Number of open connections: 2
[NX Daemon Server] - 2025-01-15T03:06:58.413Z - Established a connection. Number of open connections: 3
[NX Daemon Server] - 2025-01-15T03:06:58.414Z - [REQUEST]: Client Request for Project Graph Received
[NX Daemon Server] - 2025-01-15T03:06:58.414Z - [REQUEST]: Responding to the client. project-graph
[NX Daemon Server] - 2025-01-15T03:06:58.414Z - Done responding to the client project-graph
[NX Daemon Server] - 2025-01-15T03:06:58.414Z - Handled REQUEST_PROJECT_GRAPH. Handling time: 0. Response time: 0.
[NX Daemon Server] - 2025-01-15T03:06:58.414Z - Time taken for 'total for creating and serializing project graph' 0.16022899999995843ms
[NX Daemon Server] - 2025-01-15T03:06:58.415Z - Closed a connection. Number of open connections: 2
[NX Daemon Server] - 2025-01-15T03:06:58.416Z - [REQUEST]: Responding to the client. handleContextFileData
[NX Daemon Server] - 2025-01-15T03:06:58.416Z - Done responding to the client handleContextFileData
[NX Daemon Server] - 2025-01-15T03:06:58.416Z - Handled GET_CONTEXT_FILE_DATA. Handling time: 0. Response time: 0.
[NX Daemon Server] - 2025-01-15T03:06:58.416Z - Closed a connection. Number of open connections: 1
[NX Daemon Server] - 2025-01-15T03:06:58.442Z - Closed a connection. Number of open connections: 0
[NX Daemon Server] - 2025-01-15T03:06:58.443Z - Established a connection. Number of open connections: 1
[NX Daemon Server] - 2025-01-15T03:06:58.443Z - Established a connection. Number of open connections: 2
[NX Daemon Server] - 2025-01-15T03:06:58.443Z - Closed a connection. Number of open connections: 1
[NX Daemon Server] - 2025-01-15T03:06:58.443Z - [REQUEST]: Client Request for Project Graph Received
[NX Daemon Server] - 2025-01-15T03:06:58.443Z - [REQUEST]: Responding to the client. project-graph
[NX Daemon Server] - 2025-01-15T03:06:58.444Z - Done responding to the client project-graph
[NX Daemon Server] - 2025-01-15T03:06:58.444Z - Handled REQUEST_PROJECT_GRAPH. Handling time: 0. Response time: 1.
[NX Daemon Server] - 2025-01-15T03:06:58.444Z - Time taken for 'total for creating and serializing project graph' 0.14679799999998977ms
[NX Daemon Server] - 2025-01-15T03:06:58.444Z - [SYNC]: running scheduled generator @nx/js:typescript-sync
[NX Daemon Server] - 2025-01-15T03:06:58.638Z - [REQUEST]: Client Request for Project Graph Received
[NX Daemon Server] - 2025-01-15T03:06:58.638Z - [REQUEST]: Responding to the client. project-graph
[NX Daemon Server] - 2025-01-15T03:06:58.639Z - Done responding to the client project-graph
[NX Daemon Server] - 2025-01-15T03:06:58.640Z - Handled REQUEST_PROJECT_GRAPH. Handling time: 0. Response time: 2.
[NX Daemon Server] - 2025-01-15T03:06:58.640Z - Established a connection. Number of open connections: 2
[NX Daemon Server] - 2025-01-15T03:06:58.640Z - Time taken for 'total for creating and serializing project graph' 0.2474770000000035ms
[NX Daemon Server] - 2025-01-15T03:06:58.641Z - Established a connection. Number of open connections: 3
[NX Daemon Server] - 2025-01-15T03:06:58.641Z - Closed a connection. Number of open connections: 2
[NX Daemon Server] - 2025-01-15T03:06:58.642Z - Established a connection. Number of open connections: 3
[NX Daemon Server] - 2025-01-15T03:06:58.642Z - [REQUEST]: Client Request for Project Graph Received
[NX Daemon Server] - 2025-01-15T03:06:58.642Z - [REQUEST]: Responding to the client. project-graph
[NX Daemon Server] - 2025-01-15T03:06:58.643Z - Done responding to the client project-graph
[NX Daemon Server] - 2025-01-15T03:06:58.643Z - Handled REQUEST_PROJECT_GRAPH. Handling time: 0. Response time: 1.
[NX Daemon Server] - 2025-01-15T03:06:58.643Z - Time taken for 'total for creating and serializing project graph' 0.25850900000000365ms
[NX Daemon Server] - 2025-01-15T03:06:58.682Z - [SYNC]: @nx/js:typescript-sync changes: 
[NX Daemon Server] - 2025-01-15T03:06:58.682Z - Time taken for 'run-sync-generator:@nx/js:typescript-sync' 237.33285899999998ms
[NX Daemon Server] - 2025-01-15T03:06:59.104Z - Established a connection. Number of open connections: 4
[NX Daemon Server] - 2025-01-15T03:06:59.105Z - Closed a connection. Number of open connections: 3
[NX Daemon Server] - 2025-01-15T03:06:59.105Z - Established a connection. Number of open connections: 4
[NX Daemon Server] - 2025-01-15T03:06:59.107Z - [REQUEST]: Client Request for Project Graph Received
[NX Daemon Server] - 2025-01-15T03:06:59.107Z - [REQUEST]: Responding to the client. project-graph
[NX Daemon Server] - 2025-01-15T03:06:59.108Z - Done responding to the client project-graph
[NX Daemon Server] - 2025-01-15T03:06:59.108Z - Handled REQUEST_PROJECT_GRAPH. Handling time: 0. Response time: 1.
[NX Daemon Server] - 2025-01-15T03:06:59.108Z - Time taken for 'total for creating and serializing project graph' 0.2574409999999716ms
[NX Daemon Server] - 2025-01-15T03:06:59.118Z - [REQUEST]: Client Request for Project Graph Received
[NX Daemon Server] - 2025-01-15T03:06:59.118Z - [REQUEST]: Responding to the client. project-graph
[NX Daemon Server] - 2025-01-15T03:06:59.119Z - Done responding to the client project-graph
[NX Daemon Server] - 2025-01-15T03:06:59.119Z - Handled REQUEST_PROJECT_GRAPH. Handling time: 0. Response time: 1.
[NX Daemon Server] - 2025-01-15T03:06:59.119Z - Time taken for 'total for creating and serializing project graph' 0.20933500000001004ms
[NX Daemon Server] - 2025-01-15T03:06:59.120Z - Established a connection. Number of open connections: 5
[NX Daemon Server] - 2025-01-15T03:06:59.121Z - [REQUEST]: Client Request for Project Graph Received
[NX Daemon Server] - 2025-01-15T03:06:59.121Z - [REQUEST]: Responding to the client. project-graph
[NX Daemon Server] - 2025-01-15T03:06:59.121Z - Done responding to the client project-graph
[NX Daemon Server] - 2025-01-15T03:06:59.121Z - Handled REQUEST_PROJECT_GRAPH. Handling time: 0. Response time: 0.
[NX Daemon Server] - 2025-01-15T03:06:59.122Z - Time taken for 'total for creating and serializing project graph' 0.22570999999993546ms
[NX Daemon Server] - 2025-01-15T03:07:13.005Z - Established a connection. Number of open connections: 6
[NX Daemon Server] - 2025-01-15T03:07:13.006Z - Closed a connection. Number of open connections: 5
[NX Daemon Server] - 2025-01-15T03:07:13.007Z - Established a connection. Number of open connections: 6
[NX Daemon Server] - 2025-01-15T03:07:13.010Z - [REQUEST]: Client Request for Project Graph Received
[NX Daemon Server] - 2025-01-15T03:07:13.011Z - [REQUEST]: Responding to the client. project-graph
[NX Daemon Server] - 2025-01-15T03:07:13.011Z - Done responding to the client project-graph
[NX Daemon Server] - 2025-01-15T03:07:13.011Z - Handled REQUEST_PROJECT_GRAPH. Handling time: 1. Response time: 0.
[NX Daemon Server] - 2025-01-15T03:07:13.011Z - Time taken for 'total for creating and serializing project graph' 0.2440279999991617ms
[NX Daemon Server] - 2025-01-15T03:07:13.016Z - [SYNC]: get sync generators changes on demand ["@nx/js:typescript-sync"]
[NX Daemon Server] - 2025-01-15T03:07:13.016Z - [SYNC]: @nx/js:typescript-sync not scheduled and has cached result, returning cached result
[NX Daemon Server] - 2025-01-15T03:07:13.017Z - [REQUEST]: Responding to the client. handleGetSyncGeneratorChanges
[NX Daemon Server] - 2025-01-15T03:07:13.017Z - Done responding to the client handleGetSyncGeneratorChanges
[NX Daemon Server] - 2025-01-15T03:07:13.017Z - Handled GET_SYNC_GENERATOR_CHANGES. Handling time: 1. Response time: 0.
[NX Daemon Server] - 2025-01-15T03:07:13.034Z - [REQUEST]: Responding to the client. handleHashTasks
[NX Daemon Server] - 2025-01-15T03:07:13.035Z - Done responding to the client handleHashTasks
[NX Daemon Server] - 2025-01-15T03:07:13.035Z - Handled HASH_TASKS. Handling time: 4. Response time: 1.
[NX Daemon Server] - 2025-01-15T03:07:13.043Z - [REQUEST]: Responding to the client. handleGetEstimatedTaskTimings
[NX Daemon Server] - 2025-01-15T03:07:13.043Z - Done responding to the client handleGetEstimatedTaskTimings
[NX Daemon Server] - 2025-01-15T03:07:13.043Z - Handled GET_ESTIMATED_TASK_TIMINGS. Handling time: 1. Response time: 0.
[NX Daemon Server] - 2025-01-15T03:07:13.696Z - [REQUEST]: Responding to the client. recordOutputsHash
[NX Daemon Server] - 2025-01-15T03:07:13.697Z - Done responding to the client recordOutputsHash
[NX Daemon Server] - 2025-01-15T03:07:13.697Z - Handled RECORD_OUTPUTS_HASH. Handling time: 3. Response time: 1.
[NX Daemon Server] - 2025-01-15T03:07:13.734Z - [WATCHER]: Processing file changes in outputs
[NX Daemon Server] - 2025-01-15T03:07:14.703Z - [REQUEST]: Responding to the client. recordOutputsHash
[NX Daemon Server] - 2025-01-15T03:07:14.703Z - Done responding to the client recordOutputsHash
[NX Daemon Server] - 2025-01-15T03:07:14.703Z - Handled RECORD_OUTPUTS_HASH. Handling time: 2. Response time: 0.
[NX Daemon Server] - 2025-01-15T03:07:14.713Z - [REQUEST]: Responding to the client. handleRecordTaskRuns
[NX Daemon Server] - 2025-01-15T03:07:14.713Z - Done responding to the client handleRecordTaskRuns
[NX Daemon Server] - 2025-01-15T03:07:14.713Z - Handled RECORD_TASK_RUNS. Handling time: 2. Response time: 0.
[NX Daemon Server] - 2025-01-15T03:07:14.713Z - [REQUEST]: Responding to the client. handleGetFlakyTasks
[NX Daemon Server] - 2025-01-15T03:07:14.714Z - Done responding to the client handleGetFlakyTasks
[NX Daemon Server] - 2025-01-15T03:07:14.714Z - Handled GET_FLAKY_TASKS. Handling time: 0. Response time: 1.
[NX Daemon Server] - 2025-01-15T03:07:14.719Z - Closed a connection. Number of open connections: 5
[NX Daemon Server] - 2025-01-15T03:07:14.731Z - [WATCHER]: Processing file changes in outputs
[NX Daemon Server] - 2025-01-15T03:07:26.567Z - [WATCHER]: Processing file changes in outputs
[NX Daemon Server] - 2025-01-15T03:07:26.567Z - [WATCHER]: package-lock.json was modified
[NX Daemon Server] - 2025-01-15T03:07:26.568Z - [REQUEST]: Responding to the client. File watch changed
[NX Daemon Server] - 2025-01-15T03:07:26.568Z - [REQUEST]: Responding to the client. File watch changed
[NX Daemon Server] - 2025-01-15T03:07:26.568Z - Done responding to the client File watch changed
[NX Daemon Server] - 2025-01-15T03:07:26.568Z - Done responding to the client File watch changed
[NX Daemon Server] - 2025-01-15T03:07:26.568Z - Handled FILE-WATCH-CHANGED. Handling time: 0. Response time: 0.
[NX Daemon Server] - 2025-01-15T03:07:26.568Z - Handled FILE-WATCH-CHANGED. Handling time: 0. Response time: 0.
[NX Daemon Server] - 2025-01-15T03:07:26.568Z - Time taken for 'changed-projects' 0.0708230000018375ms
[NX Daemon Server] - 2025-01-15T03:07:26.667Z - [REQUEST]: Updated workspace context based on watched changes, recomputing project graph...
[NX Daemon Server] - 2025-01-15T03:07:26.667Z - [REQUEST]: package-lock.json
[NX Daemon Server] - 2025-01-15T03:07:26.667Z - [REQUEST]: 
[NX Daemon Server] - 2025-01-15T03:07:26.673Z - Established a connection. Number of open connections: 6
[NX Daemon Server] - 2025-01-15T03:07:26.674Z - Time taken for 'hash changed files from watcher' 0.11960499999986496ms
[NX Daemon Server] - 2025-01-15T03:07:26.674Z - Established a connection. Number of open connections: 7
[NX Daemon Server] - 2025-01-15T03:07:26.675Z - Closed a connection. Number of open connections: 6
[NX Daemon Server] - 2025-01-15T03:07:26.680Z - [REQUEST]: Client Request for Project Graph Received
[NX Daemon Server] - 2025-01-15T03:07:26.680Z - Time taken for 'build-project-configs' 8.7144249999983ms
[NX Daemon Server] - 2025-01-15T03:07:26.681Z - Time taken for '@nx/js/typescript:createDependencies' 2.56970100000035ms
[NX Daemon Server] - 2025-01-15T03:07:26.688Z - [SYNC]: collect registered sync generators
[NX Daemon Server] - 2025-01-15T03:07:26.688Z - [SYNC]: project graph hash is the same, not collecting task sync generators
[NX Daemon Server] - 2025-01-15T03:07:26.688Z - [SYNC]: nx.json hash is the same, not collecting global sync generators
[NX Daemon Server] - 2025-01-15T03:07:26.688Z - [SYNC]: scheduling: ["@nx/js:typescript-sync"]
[NX Daemon Server] - 2025-01-15T03:07:26.689Z - [REQUEST]: Responding to the client. project-graph
[NX Daemon Server] - 2025-01-15T03:07:26.689Z - Done responding to the client project-graph
[NX Daemon Server] - 2025-01-15T03:07:26.689Z - Handled REQUEST_PROJECT_GRAPH. Handling time: 9. Response time: 0.
[NX Daemon Server] - 2025-01-15T03:07:26.689Z - Time taken for 'total execution time for createProjectGraph()' 8.089603000000352ms
[NX Daemon Server] - 2025-01-15T03:07:26.788Z - [SYNC]: running scheduled generator @nx/js:typescript-sync
[NX Daemon Server] - 2025-01-15T03:07:26.789Z - [REQUEST]: Client Request for Project Graph Received
[NX Daemon Server] - 2025-01-15T03:07:26.789Z - [REQUEST]: Responding to the client. project-graph
[NX Daemon Server] - 2025-01-15T03:07:26.790Z - Done responding to the client project-graph
[NX Daemon Server] - 2025-01-15T03:07:26.790Z - Handled REQUEST_PROJECT_GRAPH. Handling time: 0. Response time: 1.
[NX Daemon Server] - 2025-01-15T03:07:26.790Z - Time taken for 'total for creating and serializing project graph' 0.1624550000015006ms
[NX Daemon Server] - 2025-01-15T03:07:26.805Z - [SYNC]: @nx/js:typescript-sync changes: 
[NX Daemon Server] - 2025-01-15T03:07:26.805Z - Time taken for 'run-sync-generator:@nx/js:typescript-sync' 16.579626000002463ms
[NX Daemon Server] - 2025-01-15T03:07:27.073Z - [REQUEST]: Client Request for Project Graph Received
[NX Daemon Server] - 2025-01-15T03:07:27.073Z - [REQUEST]: Responding to the client. project-graph
[NX Daemon Server] - 2025-01-15T03:07:27.073Z - Done responding to the client project-graph
[NX Daemon Server] - 2025-01-15T03:07:27.073Z - Handled REQUEST_PROJECT_GRAPH. Handling time: 0. Response time: 0.
[NX Daemon Server] - 2025-01-15T03:07:27.073Z - Time taken for 'total for creating and serializing project graph' 0.19197300000087125ms
[NX Daemon Server] - 2025-01-15T03:07:27.514Z - Closed a connection. Number of open connections: 5
[NX Daemon Server] - 2025-01-15T03:07:27.570Z - Established a connection. Number of open connections: 6
[NX Daemon Server] - 2025-01-15T03:07:27.570Z - [REQUEST]: Client Request for Project Graph Received
[NX Daemon Server] - 2025-01-15T03:07:27.570Z - [REQUEST]: Responding to the client. project-graph
[NX Daemon Server] - 2025-01-15T03:07:27.571Z - Done responding to the client project-graph
[NX Daemon Server] - 2025-01-15T03:07:27.571Z - Handled REQUEST_PROJECT_GRAPH. Handling time: 0. Response time: 1.
[NX Daemon Server] - 2025-01-15T03:07:27.571Z - Time taken for 'total for creating and serializing project graph' 0.143435000001773ms
[NX Daemon Server] - 2025-01-15T03:07:27.571Z - Closed a connection. Number of open connections: 5
[NX Daemon Server] - 2025-01-15T03:07:27.572Z - [REQUEST]: Responding to the client. handleContextFileData
[NX Daemon Server] - 2025-01-15T03:07:27.572Z - Done responding to the client handleContextFileData
[NX Daemon Server] - 2025-01-15T03:07:27.572Z - Handled GET_CONTEXT_FILE_DATA. Handling time: 0. Response time: 0.
[NX Daemon Server] - 2025-01-15T03:07:27.573Z - Closed a connection. Number of open connections: 4
[NX Daemon Server] - 2025-01-15T03:07:27.594Z - Closed a connection. Number of open connections: 3
[NX Daemon Server] - 2025-01-15T03:07:27.595Z - Established a connection. Number of open connections: 4
[NX Daemon Server] - 2025-01-15T03:07:27.595Z - Established a connection. Number of open connections: 5
[NX Daemon Server] - 2025-01-15T03:07:27.595Z - Closed a connection. Number of open connections: 4
[NX Daemon Server] - 2025-01-15T03:07:27.595Z - [REQUEST]: Client Request for Project Graph Received
[NX Daemon Server] - 2025-01-15T03:07:27.595Z - [REQUEST]: Responding to the client. project-graph
[NX Daemon Server] - 2025-01-15T03:07:27.596Z - Done responding to the client project-graph
[NX Daemon Server] - 2025-01-15T03:07:27.596Z - Handled REQUEST_PROJECT_GRAPH. Handling time: 0. Response time: 1.
[NX Daemon Server] - 2025-01-15T03:07:27.596Z - Time taken for 'total for creating and serializing project graph' 0.13298500000018976ms
[NX Daemon Server] - 2025-01-15T03:07:27.597Z - [REQUEST]: Client Request for Project Graph Received
[NX Daemon Server] - 2025-01-15T03:07:27.598Z - [REQUEST]: Responding to the client. project-graph
[NX Daemon Server] - 2025-01-15T03:07:27.598Z - Done responding to the client project-graph
[NX Daemon Server] - 2025-01-15T03:07:27.598Z - Handled REQUEST_PROJECT_GRAPH. Handling time: 1. Response time: 0.
[NX Daemon Server] - 2025-01-15T03:07:27.598Z - Time taken for 'total for creating and serializing project graph' 0.16902200000185985ms
[NX Daemon Server] - 2025-01-15T03:07:27.600Z - Established a connection. Number of open connections: 5
[NX Daemon Server] - 2025-01-15T03:07:42.925Z - Established a connection. Number of open connections: 6
[NX Daemon Server] - 2025-01-15T03:07:42.926Z - Closed a connection. Number of open connections: 5
[NX Daemon Server] - 2025-01-15T03:07:42.927Z - Established a connection. Number of open connections: 6
[NX Daemon Server] - 2025-01-15T03:07:42.930Z - [REQUEST]: Client Request for Project Graph Received
[NX Daemon Server] - 2025-01-15T03:07:42.930Z - [REQUEST]: Responding to the client. project-graph
[NX Daemon Server] - 2025-01-15T03:07:42.930Z - Done responding to the client project-graph
[NX Daemon Server] - 2025-01-15T03:07:42.930Z - Handled REQUEST_PROJECT_GRAPH. Handling time: 0. Response time: 0.
[NX Daemon Server] - 2025-01-15T03:07:42.930Z - Time taken for 'total for creating and serializing project graph' 0.1731389999986277ms
[NX Daemon Server] - 2025-01-15T03:07:42.936Z - [SYNC]: get sync generators changes on demand ["@nx/js:typescript-sync"]
[NX Daemon Server] - 2025-01-15T03:07:42.936Z - [SYNC]: @nx/js:typescript-sync not scheduled and has cached result, returning cached result
[NX Daemon Server] - 2025-01-15T03:07:42.936Z - [REQUEST]: Responding to the client. handleGetSyncGeneratorChanges
[NX Daemon Server] - 2025-01-15T03:07:42.936Z - Done responding to the client handleGetSyncGeneratorChanges
[NX Daemon Server] - 2025-01-15T03:07:42.936Z - Handled GET_SYNC_GENERATOR_CHANGES. Handling time: 0. Response time: 0.
[NX Daemon Server] - 2025-01-15T03:07:42.952Z - [REQUEST]: Responding to the client. handleHashTasks
[NX Daemon Server] - 2025-01-15T03:07:42.952Z - Done responding to the client handleHashTasks
[NX Daemon Server] - 2025-01-15T03:07:42.952Z - Handled HASH_TASKS. Handling time: 4. Response time: 0.
[NX Daemon Server] - 2025-01-15T03:07:42.960Z - [REQUEST]: Responding to the client. handleGetEstimatedTaskTimings
[NX Daemon Server] - 2025-01-15T03:07:42.960Z - Done responding to the client handleGetEstimatedTaskTimings
[NX Daemon Server] - 2025-01-15T03:07:42.960Z - Handled GET_ESTIMATED_TASK_TIMINGS. Handling time: 0. Response time: 0.
[NX Daemon Server] - 2025-01-15T03:07:42.971Z - [REQUEST]: Responding to the client. outputsHashesMatch
[NX Daemon Server] - 2025-01-15T03:07:42.971Z - Done responding to the client outputsHashesMatch
[NX Daemon Server] - 2025-01-15T03:07:42.971Z - Handled OUTPUTS_HASHES_MATCH. Handling time: 2. Response time: 1.
[NX Daemon Server] - 2025-01-15T03:07:42.975Z - [REQUEST]: Responding to the client. recordOutputsHash
[NX Daemon Server] - 2025-01-15T03:07:42.975Z - Done responding to the client recordOutputsHash
[NX Daemon Server] - 2025-01-15T03:07:42.975Z - Handled RECORD_OUTPUTS_HASH. Handling time: 3. Response time: 0.
[NX Daemon Server] - 2025-01-15T03:07:42.980Z - [REQUEST]: Responding to the client. outputsHashesMatch
[NX Daemon Server] - 2025-01-15T03:07:42.980Z - Done responding to the client outputsHashesMatch
[NX Daemon Server] - 2025-01-15T03:07:42.980Z - Handled OUTPUTS_HASHES_MATCH. Handling time: 1. Response time: 0.
[NX Daemon Server] - 2025-01-15T03:07:42.986Z - [REQUEST]: Responding to the client. recordOutputsHash
[NX Daemon Server] - 2025-01-15T03:07:42.986Z - Done responding to the client recordOutputsHash
[NX Daemon Server] - 2025-01-15T03:07:42.986Z - Handled RECORD_OUTPUTS_HASH. Handling time: 3. Response time: 0.
[NX Daemon Server] - 2025-01-15T03:07:43.937Z - [REQUEST]: Responding to the client. recordOutputsHash
[NX Daemon Server] - 2025-01-15T03:07:43.937Z - Done responding to the client recordOutputsHash
[NX Daemon Server] - 2025-01-15T03:07:43.937Z - Handled RECORD_OUTPUTS_HASH. Handling time: 3. Response time: 0.
[NX Daemon Server] - 2025-01-15T03:07:43.968Z - [WATCHER]: Processing file changes in outputs
[NX Daemon Server] - 2025-01-15T03:07:44.925Z - [REQUEST]: Responding to the client. recordOutputsHash
[NX Daemon Server] - 2025-01-15T03:07:44.925Z - Done responding to the client recordOutputsHash
[NX Daemon Server] - 2025-01-15T03:07:44.925Z - Handled RECORD_OUTPUTS_HASH. Handling time: 2. Response time: 0.
[NX Daemon Server] - 2025-01-15T03:07:44.934Z - [REQUEST]: Responding to the client. handleRecordTaskRuns
[NX Daemon Server] - 2025-01-15T03:07:44.934Z - Done responding to the client handleRecordTaskRuns
[NX Daemon Server] - 2025-01-15T03:07:44.934Z - Handled RECORD_TASK_RUNS. Handling time: 5. Response time: 0.
[NX Daemon Server] - 2025-01-15T03:07:44.934Z - [REQUEST]: Responding to the client. handleGetFlakyTasks
[NX Daemon Server] - 2025-01-15T03:07:44.935Z - Done responding to the client handleGetFlakyTasks
[NX Daemon Server] - 2025-01-15T03:07:44.935Z - Handled GET_FLAKY_TASKS. Handling time: 0. Response time: 1.
[NX Daemon Server] - 2025-01-15T03:07:44.939Z - Closed a connection. Number of open connections: 5
[NX Daemon Server] - 2025-01-15T03:07:44.951Z - [WATCHER]: Processing file changes in outputs
[NX Daemon Server] - 2025-01-15T03:09:08.647Z - Established a connection. Number of open connections: 6
[NX Daemon Server] - 2025-01-15T03:09:08.647Z - Closed a connection. Number of open connections: 5
[NX Daemon Server] - 2025-01-15T03:09:08.648Z - Established a connection. Number of open connections: 6
[NX Daemon Server] - 2025-01-15T03:09:08.650Z - [REQUEST]: Client Request for Project Graph Received
[NX Daemon Server] - 2025-01-15T03:09:08.650Z - [REQUEST]: Responding to the client. project-graph
[NX Daemon Server] - 2025-01-15T03:09:08.650Z - Done responding to the client project-graph
[NX Daemon Server] - 2025-01-15T03:09:08.650Z - Handled REQUEST_PROJECT_GRAPH. Handling time: 0. Response time: 0.
[NX Daemon Server] - 2025-01-15T03:09:08.650Z - Time taken for 'total for creating and serializing project graph' 0.2379430000000866ms
[NX Daemon Server] - 2025-01-15T03:09:08.693Z - Closed a connection. Number of open connections: 5
[NX Daemon Server] - 2025-01-15T03:09:30.188Z - Established a connection. Number of open connections: 6
[NX Daemon Server] - 2025-01-15T03:09:30.189Z - Closed a connection. Number of open connections: 5
[NX Daemon Server] - 2025-01-15T03:09:30.190Z - Established a connection. Number of open connections: 6
[NX Daemon Server] - 2025-01-15T03:09:30.191Z - [REQUEST]: Client Request for Project Graph Received
[NX Daemon Server] - 2025-01-15T03:09:30.191Z - [REQUEST]: Responding to the client. project-graph
[NX Daemon Server] - 2025-01-15T03:09:30.192Z - Done responding to the client project-graph
[NX Daemon Server] - 2025-01-15T03:09:30.192Z - Handled REQUEST_PROJECT_GRAPH. Handling time: 0. Response time: 1.
[NX Daemon Server] - 2025-01-15T03:09:30.192Z - Time taken for 'total for creating and serializing project graph' 0.2917720000259578ms
[NX Daemon Server] - 2025-01-15T03:09:30.226Z - Closed a connection. Number of open connections: 5
[NX Daemon Server] - 2025-01-15T03:10:29.620Z - Established a connection. Number of open connections: 6
[NX Daemon Server] - 2025-01-15T03:10:29.621Z - Closed a connection. Number of open connections: 5
[NX Daemon Server] - 2025-01-15T03:10:29.622Z - Established a connection. Number of open connections: 6
[NX Daemon Server] - 2025-01-15T03:10:29.624Z - [REQUEST]: Client Request for Project Graph Received
[NX Daemon Server] - 2025-01-15T03:10:29.624Z - [REQUEST]: Responding to the client. project-graph
[NX Daemon Server] - 2025-01-15T03:10:29.624Z - Done responding to the client project-graph
[NX Daemon Server] - 2025-01-15T03:10:29.624Z - Handled REQUEST_PROJECT_GRAPH. Handling time: 0. Response time: 0.
[NX Daemon Server] - 2025-01-15T03:10:29.624Z - Time taken for 'total for creating and serializing project graph' 0.245574000000488ms
[NX Daemon Server] - 2025-01-15T03:10:29.628Z - [REQUEST]: Client Request for Project Graph Received
[NX Daemon Server] - 2025-01-15T03:10:29.628Z - [REQUEST]: Responding to the client. project-graph
[NX Daemon Server] - 2025-01-15T03:10:29.628Z - Done responding to the client project-graph
[NX Daemon Server] - 2025-01-15T03:10:29.628Z - Handled REQUEST_PROJECT_GRAPH. Handling time: 0. Response time: 0.
[NX Daemon Server] - 2025-01-15T03:10:29.628Z - Time taken for 'total for creating and serializing project graph' 0.19958200000110082ms
[NX Daemon Server] - 2025-01-15T03:10:29.638Z - [REQUEST]: Client Request for Project Graph Received
[NX Daemon Server] - 2025-01-15T03:10:29.638Z - [REQUEST]: Responding to the client. project-graph
[NX Daemon Server] - 2025-01-15T03:10:29.638Z - Done responding to the client project-graph
[NX Daemon Server] - 2025-01-15T03:10:29.638Z - Handled REQUEST_PROJECT_GRAPH. Handling time: 0. Response time: 0.
[NX Daemon Server] - 2025-01-15T03:10:29.638Z - Time taken for 'total for creating and serializing project graph' 0.20013599999947473ms
[NX Daemon Server] - 2025-01-15T03:10:29.640Z - Established a connection. Number of open connections: 7
[NX Daemon Server] - 2025-01-15T03:10:29.640Z - [REQUEST]: Client Request for Project Graph Received
[NX Daemon Server] - 2025-01-15T03:10:29.640Z - [REQUEST]: Responding to the client. project-graph
[NX Daemon Server] - 2025-01-15T03:10:29.641Z - Done responding to the client project-graph
[NX Daemon Server] - 2025-01-15T03:10:29.641Z - Handled REQUEST_PROJECT_GRAPH. Handling time: 0. Response time: 1.
[NX Daemon Server] - 2025-01-15T03:10:29.641Z - Time taken for 'total for creating and serializing project graph' 0.1414879999938421ms
[NX Daemon Server] - 2025-01-15T03:11:54.272Z - Closed a connection. Number of open connections: 6
[NX Daemon Server] - 2025-01-15T03:11:54.272Z - Closed a connection. Number of open connections: 5
[NX Daemon Server] - 2025-01-15T03:11:58.406Z - Established a connection. Number of open connections: 6
[NX Daemon Server] - 2025-01-15T03:11:58.408Z - Closed a connection. Number of open connections: 5
[NX Daemon Server] - 2025-01-15T03:11:58.409Z - Established a connection. Number of open connections: 6
[NX Daemon Server] - 2025-01-15T03:11:58.410Z - [REQUEST]: Client Request for Project Graph Received
[NX Daemon Server] - 2025-01-15T03:11:58.411Z - [REQUEST]: Responding to the client. project-graph
[NX Daemon Server] - 2025-01-15T03:11:58.411Z - Done responding to the client project-graph
[NX Daemon Server] - 2025-01-15T03:11:58.411Z - Handled REQUEST_PROJECT_GRAPH. Handling time: 1. Response time: 0.
[NX Daemon Server] - 2025-01-15T03:11:58.411Z - Time taken for 'total for creating and serializing project graph' 0.2796460000099614ms
[NX Daemon Server] - 2025-01-15T03:11:58.414Z - [SYNC]: get registered sync generators
[NX Daemon Server] - 2025-01-15T03:11:58.414Z - [SYNC]: registered sync generators already collected, returning them
[NX Daemon Server] - 2025-01-15T03:11:58.414Z - [REQUEST]: Responding to the client. handleGetSyncGeneratorChanges
[NX Daemon Server] - 2025-01-15T03:11:58.414Z - Done responding to the client handleGetSyncGeneratorChanges
[NX Daemon Server] - 2025-01-15T03:11:58.414Z - Handled GET_REGISTERED_SYNC_GENERATORS. Handling time: 0. Response time: 0.
[NX Daemon Server] - 2025-01-15T03:11:58.415Z - [SYNC]: get sync generators changes on demand ["@nx/js:typescript-sync"]
[NX Daemon Server] - 2025-01-15T03:11:58.415Z - [SYNC]: @nx/js:typescript-sync not scheduled and has cached result, returning cached result
[NX Daemon Server] - 2025-01-15T03:11:58.415Z - [REQUEST]: Responding to the client. handleGetSyncGeneratorChanges
[NX Daemon Server] - 2025-01-15T03:11:58.415Z - Done responding to the client handleGetSyncGeneratorChanges
[NX Daemon Server] - 2025-01-15T03:11:58.415Z - Handled GET_SYNC_GENERATOR_CHANGES. Handling time: 0. Response time: 0.
[NX Daemon Server] - 2025-01-15T03:11:58.419Z - Closed a connection. Number of open connections: 5
[NX Daemon Server] - 2025-01-15T03:12:07.232Z - Established a connection. Number of open connections: 6
[NX Daemon Server] - 2025-01-15T03:12:07.234Z - Closed a connection. Number of open connections: 5
[NX Daemon Server] - 2025-01-15T03:12:07.235Z - Established a connection. Number of open connections: 6
[NX Daemon Server] - 2025-01-15T03:12:07.237Z - [REQUEST]: Client Request for Project Graph Received
[NX Daemon Server] - 2025-01-15T03:12:07.237Z - [REQUEST]: Responding to the client. project-graph
[NX Daemon Server] - 2025-01-15T03:12:07.237Z - Done responding to the client project-graph
[NX Daemon Server] - 2025-01-15T03:12:07.238Z - Handled REQUEST_PROJECT_GRAPH. Handling time: 0. Response time: 1.
[NX Daemon Server] - 2025-01-15T03:12:07.238Z - Time taken for 'total for creating and serializing project graph' 0.28378499997779727ms
[NX Daemon Server] - 2025-01-15T03:12:07.249Z - [SYNC]: get sync generators changes on demand ["@nx/js:typescript-sync"]
[NX Daemon Server] - 2025-01-15T03:12:07.249Z - [SYNC]: @nx/js:typescript-sync not scheduled and has cached result, returning cached result
[NX Daemon Server] - 2025-01-15T03:12:07.249Z - [REQUEST]: Responding to the client. handleGetSyncGeneratorChanges
[NX Daemon Server] - 2025-01-15T03:12:07.249Z - Done responding to the client handleGetSyncGeneratorChanges
[NX Daemon Server] - 2025-01-15T03:12:07.249Z - Handled GET_SYNC_GENERATOR_CHANGES. Handling time: 0. Response time: 0.
[NX Daemon Server] - 2025-01-15T03:12:07.269Z - [REQUEST]: Responding to the client. handleHashTasks
[NX Daemon Server] - 2025-01-15T03:12:07.269Z - Done responding to the client handleHashTasks
[NX Daemon Server] - 2025-01-15T03:12:07.269Z - Handled HASH_TASKS. Handling time: 3. Response time: 0.
[NX Daemon Server] - 2025-01-15T03:12:07.281Z - [REQUEST]: Responding to the client. handleGetEstimatedTaskTimings
[NX Daemon Server] - 2025-01-15T03:12:07.281Z - Done responding to the client handleGetEstimatedTaskTimings
[NX Daemon Server] - 2025-01-15T03:12:07.281Z - Handled GET_ESTIMATED_TASK_TIMINGS. Handling time: 0. Response time: 0.
[NX Daemon Server] - 2025-01-15T03:12:07.290Z - [REQUEST]: Responding to the client. outputsHashesMatch
[NX Daemon Server] - 2025-01-15T03:12:07.291Z - Done responding to the client outputsHashesMatch
[NX Daemon Server] - 2025-01-15T03:12:07.291Z - Handled OUTPUTS_HASHES_MATCH. Handling time: 2. Response time: 1.
[NX Daemon Server] - 2025-01-15T03:12:07.295Z - [REQUEST]: Responding to the client. recordOutputsHash
[NX Daemon Server] - 2025-01-15T03:12:07.295Z - Done responding to the client recordOutputsHash
[NX Daemon Server] - 2025-01-15T03:12:07.295Z - Handled RECORD_OUTPUTS_HASH. Handling time: 3. Response time: 0.
[NX Daemon Server] - 2025-01-15T03:12:07.308Z - [REQUEST]: Responding to the client. outputsHashesMatch
[NX Daemon Server] - 2025-01-15T03:12:07.308Z - Done responding to the client outputsHashesMatch
[NX Daemon Server] - 2025-01-15T03:12:07.308Z - Handled OUTPUTS_HASHES_MATCH. Handling time: 2. Response time: 0.
[NX Daemon Server] - 2025-01-15T03:12:07.311Z - [REQUEST]: Responding to the client. outputsHashesMatch
[NX Daemon Server] - 2025-01-15T03:12:07.311Z - Done responding to the client outputsHashesMatch
[NX Daemon Server] - 2025-01-15T03:12:07.311Z - Handled OUTPUTS_HASHES_MATCH. Handling time: 2. Response time: 0.
[NX Daemon Server] - 2025-01-15T03:12:07.315Z - [REQUEST]: Responding to the client. recordOutputsHash
[NX Daemon Server] - 2025-01-15T03:12:07.315Z - Done responding to the client recordOutputsHash
[NX Daemon Server] - 2025-01-15T03:12:07.316Z - Handled RECORD_OUTPUTS_HASH. Handling time: 3. Response time: 1.
[NX Daemon Server] - 2025-01-15T03:12:07.318Z - [REQUEST]: Responding to the client. recordOutputsHash
[NX Daemon Server] - 2025-01-15T03:12:07.318Z - Done responding to the client recordOutputsHash
[NX Daemon Server] - 2025-01-15T03:12:07.318Z - Handled RECORD_OUTPUTS_HASH. Handling time: 2. Response time: 0.
[NX Daemon Server] - 2025-01-15T03:12:07.330Z - [REQUEST]: Responding to the client. outputsHashesMatch
[NX Daemon Server] - 2025-01-15T03:12:07.330Z - Done responding to the client outputsHashesMatch
[NX Daemon Server] - 2025-01-15T03:12:07.330Z - Handled OUTPUTS_HASHES_MATCH. Handling time: 3. Response time: 0.
[NX Daemon Server] - 2025-01-15T03:12:07.332Z - [REQUEST]: Responding to the client. recordOutputsHash
[NX Daemon Server] - 2025-01-15T03:12:07.332Z - Done responding to the client recordOutputsHash
[NX Daemon Server] - 2025-01-15T03:12:07.332Z - Handled RECORD_OUTPUTS_HASH. Handling time: 1. Response time: 0.
[NX Daemon Server] - 2025-01-15T03:12:07.338Z - [REQUEST]: Responding to the client. handleRecordTaskRuns
[NX Daemon Server] - 2025-01-15T03:12:07.338Z - Done responding to the client handleRecordTaskRuns
[NX Daemon Server] - 2025-01-15T03:12:07.338Z - Handled RECORD_TASK_RUNS. Handling time: 4. Response time: 0.
[NX Daemon Server] - 2025-01-15T03:12:07.339Z - [REQUEST]: Responding to the client. handleGetFlakyTasks
[NX Daemon Server] - 2025-01-15T03:12:07.339Z - Done responding to the client handleGetFlakyTasks
[NX Daemon Server] - 2025-01-15T03:12:07.339Z - Handled GET_FLAKY_TASKS. Handling time: 0. Response time: 0.
[NX Daemon Server] - 2025-01-15T03:12:07.345Z - Closed a connection. Number of open connections: 5
[NX Daemon Server] - 2025-01-15T03:13:01.736Z - Established a connection. Number of open connections: 6
[NX Daemon Server] - 2025-01-15T03:13:01.737Z - Closed a connection. Number of open connections: 5
[NX Daemon Server] - 2025-01-15T03:13:01.738Z - Established a connection. Number of open connections: 6
[NX Daemon Server] - 2025-01-15T03:13:01.739Z - [REQUEST]: Client Request for Project Graph Received
[NX Daemon Server] - 2025-01-15T03:13:01.739Z - [REQUEST]: Responding to the client. project-graph
[NX Daemon Server] - 2025-01-15T03:13:01.740Z - Done responding to the client project-graph
[NX Daemon Server] - 2025-01-15T03:13:01.740Z - Handled REQUEST_PROJECT_GRAPH. Handling time: 0. Response time: 1.
[NX Daemon Server] - 2025-01-15T03:13:01.740Z - Time taken for 'total for creating and serializing project graph' 0.26191399997333065ms
[NX Daemon Server] - 2025-01-15T03:13:01.745Z - [SYNC]: get sync generators changes on demand ["@nx/js:typescript-sync"]
[NX Daemon Server] - 2025-01-15T03:13:01.746Z - [SYNC]: @nx/js:typescript-sync not scheduled and has cached result, returning cached result
[NX Daemon Server] - 2025-01-15T03:13:01.746Z - [REQUEST]: Responding to the client. handleGetSyncGeneratorChanges
[NX Daemon Server] - 2025-01-15T03:13:01.746Z - Done responding to the client handleGetSyncGeneratorChanges
[NX Daemon Server] - 2025-01-15T03:13:01.746Z - Handled GET_SYNC_GENERATOR_CHANGES. Handling time: 1. Response time: 0.
[NX Daemon Server] - 2025-01-15T03:13:01.760Z - [REQUEST]: Responding to the client. handleHashTasks
[NX Daemon Server] - 2025-01-15T03:13:01.761Z - Done responding to the client handleHashTasks
[NX Daemon Server] - 2025-01-15T03:13:01.761Z - Handled HASH_TASKS. Handling time: 1. Response time: 1.
[NX Daemon Server] - 2025-01-15T03:13:01.775Z - [REQUEST]: Responding to the client. handleGetEstimatedTaskTimings
[NX Daemon Server] - 2025-01-15T03:13:01.775Z - Done responding to the client handleGetEstimatedTaskTimings
[NX Daemon Server] - 2025-01-15T03:13:01.775Z - Handled GET_ESTIMATED_TASK_TIMINGS. Handling time: 0. Response time: 0.
[NX Daemon Server] - 2025-01-15T03:13:01.787Z - [REQUEST]: Responding to the client. outputsHashesMatch
[NX Daemon Server] - 2025-01-15T03:13:01.787Z - Done responding to the client outputsHashesMatch
[NX Daemon Server] - 2025-01-15T03:13:01.787Z - Handled OUTPUTS_HASHES_MATCH. Handling time: 2. Response time: 0.
[NX Daemon Server] - 2025-01-15T03:13:01.792Z - [REQUEST]: Responding to the client. recordOutputsHash
[NX Daemon Server] - 2025-01-15T03:13:01.792Z - Done responding to the client recordOutputsHash
[NX Daemon Server] - 2025-01-15T03:13:01.792Z - Handled RECORD_OUTPUTS_HASH. Handling time: 3. Response time: 0.
[NX Daemon Server] - 2025-01-15T03:13:01.801Z - [REQUEST]: Responding to the client. handleHashTasks
[NX Daemon Server] - 2025-01-15T03:13:01.801Z - Done responding to the client handleHashTasks
[NX Daemon Server] - 2025-01-15T03:13:01.801Z - Handled HASH_TASKS. Handling time: 4. Response time: 0.
[NX Daemon Server] - 2025-01-15T03:13:01.815Z - [REQUEST]: Responding to the client. handleHashTasks
[NX Daemon Server] - 2025-01-15T03:13:01.815Z - Done responding to the client handleHashTasks
[NX Daemon Server] - 2025-01-15T03:13:01.815Z - Handled HASH_TASKS. Handling time: 5. Response time: 0.
[NX Daemon Server] - 2025-01-15T03:13:01.843Z - [WATCHER]: Processing file changes in outputs
[NX Daemon Server] - 2025-01-15T03:13:02.035Z - [REQUEST]: Responding to the client. recordOutputsHash
[NX Daemon Server] - 2025-01-15T03:13:02.035Z - Done responding to the client recordOutputsHash
[NX Daemon Server] - 2025-01-15T03:13:02.035Z - Handled RECORD_OUTPUTS_HASH. Handling time: 3. Response time: 0.
[NX Daemon Server] - 2025-01-15T03:13:02.051Z - [REQUEST]: Responding to the client. recordOutputsHash
[NX Daemon Server] - 2025-01-15T03:13:02.051Z - Done responding to the client recordOutputsHash
[NX Daemon Server] - 2025-01-15T03:13:02.051Z - Handled RECORD_OUTPUTS_HASH. Handling time: 3. Response time: 0.
[NX Daemon Server] - 2025-01-15T03:13:02.065Z - [REQUEST]: Responding to the client. handleHashTasks
[NX Daemon Server] - 2025-01-15T03:13:02.066Z - Done responding to the client handleHashTasks
[NX Daemon Server] - 2025-01-15T03:13:02.066Z - Handled HASH_TASKS. Handling time: 4. Response time: 1.
[NX Daemon Server] - 2025-01-15T03:13:02.271Z - [REQUEST]: Responding to the client. recordOutputsHash
[NX Daemon Server] - 2025-01-15T03:13:02.272Z - Done responding to the client recordOutputsHash
[NX Daemon Server] - 2025-01-15T03:13:02.272Z - Handled RECORD_OUTPUTS_HASH. Handling time: 1. Response time: 1.
[NX Daemon Server] - 2025-01-15T03:13:02.286Z - [REQUEST]: Responding to the client. handleRecordTaskRuns
[NX Daemon Server] - 2025-01-15T03:13:02.286Z - Done responding to the client handleRecordTaskRuns
[NX Daemon Server] - 2025-01-15T03:13:02.286Z - Handled RECORD_TASK_RUNS. Handling time: 4. Response time: 0.
[NX Daemon Server] - 2025-01-15T03:13:02.287Z - [REQUEST]: Responding to the client. handleGetFlakyTasks
[NX Daemon Server] - 2025-01-15T03:13:02.287Z - Done responding to the client handleGetFlakyTasks
[NX Daemon Server] - 2025-01-15T03:13:02.287Z - Handled GET_FLAKY_TASKS. Handling time: 0. Response time: 0.
[NX Daemon Server] - 2025-01-15T03:13:02.292Z - Closed a connection. Number of open connections: 5
[NX Daemon Server] - 2025-01-15T03:13:14.136Z - Established a connection. Number of open connections: 6
[NX Daemon Server] - 2025-01-15T03:13:14.137Z - Closed a connection. Number of open connections: 5
[NX Daemon Server] - 2025-01-15T03:13:14.138Z - Established a connection. Number of open connections: 6
[NX Daemon Server] - 2025-01-15T03:13:14.139Z - [REQUEST]: Client Request for Project Graph Received
[NX Daemon Server] - 2025-01-15T03:13:14.139Z - [REQUEST]: Responding to the client. project-graph
[NX Daemon Server] - 2025-01-15T03:13:14.140Z - Done responding to the client project-graph
[NX Daemon Server] - 2025-01-15T03:13:14.140Z - Handled REQUEST_PROJECT_GRAPH. Handling time: 0. Response time: 1.
[NX Daemon Server] - 2025-01-15T03:13:14.140Z - Time taken for 'total for creating and serializing project graph' 0.20270799996796995ms
[NX Daemon Server] - 2025-01-15T03:13:14.146Z - [SYNC]: get sync generators changes on demand ["@nx/js:typescript-sync"]
[NX Daemon Server] - 2025-01-15T03:13:14.146Z - [SYNC]: @nx/js:typescript-sync not scheduled and has cached result, returning cached result
[NX Daemon Server] - 2025-01-15T03:13:14.146Z - [REQUEST]: Responding to the client. handleGetSyncGeneratorChanges
[NX Daemon Server] - 2025-01-15T03:13:14.146Z - Done responding to the client handleGetSyncGeneratorChanges
[NX Daemon Server] - 2025-01-15T03:13:14.146Z - Handled GET_SYNC_GENERATOR_CHANGES. Handling time: 0. Response time: 0.
[NX Daemon Server] - 2025-01-15T03:13:14.160Z - [REQUEST]: Responding to the client. handleHashTasks
[NX Daemon Server] - 2025-01-15T03:13:14.160Z - Done responding to the client handleHashTasks
[NX Daemon Server] - 2025-01-15T03:13:14.160Z - Handled HASH_TASKS. Handling time: 1. Response time: 0.
[NX Daemon Server] - 2025-01-15T03:13:14.170Z - [REQUEST]: Responding to the client. handleGetEstimatedTaskTimings
[NX Daemon Server] - 2025-01-15T03:13:14.170Z - Done responding to the client handleGetEstimatedTaskTimings
[NX Daemon Server] - 2025-01-15T03:13:14.170Z - Handled GET_ESTIMATED_TASK_TIMINGS. Handling time: 0. Response time: 0.
[NX Daemon Server] - 2025-01-15T03:13:14.180Z - [REQUEST]: Responding to the client. outputsHashesMatch
[NX Daemon Server] - 2025-01-15T03:13:14.180Z - Done responding to the client outputsHashesMatch
[NX Daemon Server] - 2025-01-15T03:13:14.180Z - Handled OUTPUTS_HASHES_MATCH. Handling time: 3. Response time: 0.
[NX Daemon Server] - 2025-01-15T03:13:14.184Z - [REQUEST]: Responding to the client. recordOutputsHash
[NX Daemon Server] - 2025-01-15T03:13:14.184Z - Done responding to the client recordOutputsHash
[NX Daemon Server] - 2025-01-15T03:13:14.184Z - Handled RECORD_OUTPUTS_HASH. Handling time: 2. Response time: 0.
[NX Daemon Server] - 2025-01-15T03:13:14.193Z - [REQUEST]: Responding to the client. outputsHashesMatch
[NX Daemon Server] - 2025-01-15T03:13:14.193Z - Done responding to the client outputsHashesMatch
[NX Daemon Server] - 2025-01-15T03:13:14.193Z - Handled OUTPUTS_HASHES_MATCH. Handling time: 3. Response time: 0.
[NX Daemon Server] - 2025-01-15T03:13:14.196Z - [REQUEST]: Responding to the client. outputsHashesMatch
[NX Daemon Server] - 2025-01-15T03:13:14.196Z - Done responding to the client outputsHashesMatch
[NX Daemon Server] - 2025-01-15T03:13:14.196Z - Handled OUTPUTS_HASHES_MATCH. Handling time: 2. Response time: 0.
[NX Daemon Server] - 2025-01-15T03:13:14.199Z - [REQUEST]: Responding to the client. recordOutputsHash
[NX Daemon Server] - 2025-01-15T03:13:14.199Z - Done responding to the client recordOutputsHash
[NX Daemon Server] - 2025-01-15T03:13:14.199Z - Handled RECORD_OUTPUTS_HASH. Handling time: 2. Response time: 0.
[NX Daemon Server] - 2025-01-15T03:13:14.202Z - [REQUEST]: Responding to the client. recordOutputsHash
[NX Daemon Server] - 2025-01-15T03:13:14.203Z - Done responding to the client recordOutputsHash
[NX Daemon Server] - 2025-01-15T03:13:14.203Z - Handled RECORD_OUTPUTS_HASH. Handling time: 2. Response time: 1.
[NX Daemon Server] - 2025-01-15T03:13:14.209Z - [REQUEST]: Responding to the client. outputsHashesMatch
[NX Daemon Server] - 2025-01-15T03:13:14.209Z - Done responding to the client outputsHashesMatch
[NX Daemon Server] - 2025-01-15T03:13:14.209Z - Handled OUTPUTS_HASHES_MATCH. Handling time: 3. Response time: 0.
[NX Daemon Server] - 2025-01-15T03:13:14.212Z - [REQUEST]: Responding to the client. recordOutputsHash
[NX Daemon Server] - 2025-01-15T03:13:14.212Z - Done responding to the client recordOutputsHash
[NX Daemon Server] - 2025-01-15T03:13:14.212Z - Handled RECORD_OUTPUTS_HASH. Handling time: 2. Response time: 0.
[NX Daemon Server] - 2025-01-15T03:13:14.220Z - [REQUEST]: Responding to the client. handleRecordTaskRuns
[NX Daemon Server] - 2025-01-15T03:13:14.220Z - Done responding to the client handleRecordTaskRuns
[NX Daemon Server] - 2025-01-15T03:13:14.220Z - Handled RECORD_TASK_RUNS. Handling time: 6. Response time: 0.
[NX Daemon Server] - 2025-01-15T03:13:14.221Z - [REQUEST]: Responding to the client. handleGetFlakyTasks
[NX Daemon Server] - 2025-01-15T03:13:14.221Z - Done responding to the client handleGetFlakyTasks
[NX Daemon Server] - 2025-01-15T03:13:14.221Z - Handled GET_FLAKY_TASKS. Handling time: 0. Response time: 0.
[NX Daemon Server] - 2025-01-15T03:13:14.226Z - Closed a connection. Number of open connections: 5
[NX Daemon Server] - 2025-01-15T03:13:14.232Z - [WATCHER]: Processing file changes in outputs
[NX Daemon Server] - 2025-01-15T03:13:55.831Z - Established a connection. Number of open connections: 6
[NX Daemon Server] - 2025-01-15T03:13:55.832Z - Closed a connection. Number of open connections: 5
[NX Daemon Server] - 2025-01-15T03:13:55.833Z - Established a connection. Number of open connections: 6
[NX Daemon Server] - 2025-01-15T03:13:55.834Z - [REQUEST]: Client Request for Project Graph Received
[NX Daemon Server] - 2025-01-15T03:13:55.835Z - [REQUEST]: Responding to the client. project-graph
[NX Daemon Server] - 2025-01-15T03:13:55.835Z - Done responding to the client project-graph
[NX Daemon Server] - 2025-01-15T03:13:55.835Z - Handled REQUEST_PROJECT_GRAPH. Handling time: 1. Response time: 0.
[NX Daemon Server] - 2025-01-15T03:13:55.835Z - Time taken for 'total for creating and serializing project graph' 0.24726000003283843ms
[NX Daemon Server] - 2025-01-15T03:13:55.841Z - [SYNC]: get sync generators changes on demand ["@nx/js:typescript-sync"]
[NX Daemon Server] - 2025-01-15T03:13:55.841Z - [SYNC]: @nx/js:typescript-sync not scheduled and has cached result, returning cached result
[NX Daemon Server] - 2025-01-15T03:13:55.841Z - [REQUEST]: Responding to the client. handleGetSyncGeneratorChanges
[NX Daemon Server] - 2025-01-15T03:13:55.841Z - Done responding to the client handleGetSyncGeneratorChanges
[NX Daemon Server] - 2025-01-15T03:13:55.841Z - Handled GET_SYNC_GENERATOR_CHANGES. Handling time: 0. Response time: 0.
[NX Daemon Server] - 2025-01-15T03:13:55.856Z - [REQUEST]: Responding to the client. handleHashTasks
[NX Daemon Server] - 2025-01-15T03:13:55.856Z - Done responding to the client handleHashTasks
[NX Daemon Server] - 2025-01-15T03:13:55.856Z - Handled HASH_TASKS. Handling time: 1. Response time: 0.
[NX Daemon Server] - 2025-01-15T03:13:55.866Z - [REQUEST]: Responding to the client. handleGetEstimatedTaskTimings
[NX Daemon Server] - 2025-01-15T03:13:55.866Z - Done responding to the client handleGetEstimatedTaskTimings
[NX Daemon Server] - 2025-01-15T03:13:55.866Z - Handled GET_ESTIMATED_TASK_TIMINGS. Handling time: 1. Response time: 0.
[NX Daemon Server] - 2025-01-15T03:13:55.874Z - [REQUEST]: Responding to the client. outputsHashesMatch
[NX Daemon Server] - 2025-01-15T03:13:55.874Z - Done responding to the client outputsHashesMatch
[NX Daemon Server] - 2025-01-15T03:13:55.874Z - Handled OUTPUTS_HASHES_MATCH. Handling time: 3. Response time: 0.
[NX Daemon Server] - 2025-01-15T03:13:55.878Z - [REQUEST]: Responding to the client. recordOutputsHash
[NX Daemon Server] - 2025-01-15T03:13:55.878Z - Done responding to the client recordOutputsHash
[NX Daemon Server] - 2025-01-15T03:13:55.878Z - Handled RECORD_OUTPUTS_HASH. Handling time: 3. Response time: 0.
[NX Daemon Server] - 2025-01-15T03:13:55.882Z - [REQUEST]: Responding to the client. handleRecordTaskRuns
[NX Daemon Server] - 2025-01-15T03:13:55.882Z - Done responding to the client handleRecordTaskRuns
[NX Daemon Server] - 2025-01-15T03:13:55.882Z - Handled RECORD_TASK_RUNS. Handling time: 2. Response time: 0.
[NX Daemon Server] - 2025-01-15T03:13:55.883Z - [REQUEST]: Responding to the client. handleGetFlakyTasks
[NX Daemon Server] - 2025-01-15T03:13:55.883Z - Done responding to the client handleGetFlakyTasks
[NX Daemon Server] - 2025-01-15T03:13:55.883Z - Handled GET_FLAKY_TASKS. Handling time: 0. Response time: 0.
[NX Daemon Server] - 2025-01-15T03:13:55.888Z - Closed a connection. Number of open connections: 5
[NX Daemon Server] - 2025-01-15T03:14:01.485Z - Established a connection. Number of open connections: 6
[NX Daemon Server] - 2025-01-15T03:14:01.485Z - Closed a connection. Number of open connections: 5
[NX Daemon Server] - 2025-01-15T03:14:01.486Z - Established a connection. Number of open connections: 6
[NX Daemon Server] - 2025-01-15T03:14:01.488Z - [REQUEST]: Client Request for Project Graph Received
[NX Daemon Server] - 2025-01-15T03:14:01.488Z - [REQUEST]: Responding to the client. project-graph
[NX Daemon Server] - 2025-01-15T03:14:01.488Z - Done responding to the client project-graph
[NX Daemon Server] - 2025-01-15T03:14:01.488Z - Handled REQUEST_PROJECT_GRAPH. Handling time: 0. Response time: 0.
[NX Daemon Server] - 2025-01-15T03:14:01.488Z - Time taken for 'total for creating and serializing project graph' 0.23543900001095608ms
[NX Daemon Server] - 2025-01-15T03:14:01.494Z - [SYNC]: get sync generators changes on demand ["@nx/js:typescript-sync"]
[NX Daemon Server] - 2025-01-15T03:14:01.494Z - [SYNC]: @nx/js:typescript-sync not scheduled and has cached result, returning cached result
[NX Daemon Server] - 2025-01-15T03:14:01.494Z - [REQUEST]: Responding to the client. handleGetSyncGeneratorChanges
[NX Daemon Server] - 2025-01-15T03:14:01.494Z - Done responding to the client handleGetSyncGeneratorChanges
[NX Daemon Server] - 2025-01-15T03:14:01.494Z - Handled GET_SYNC_GENERATOR_CHANGES. Handling time: 0. Response time: 0.
[NX Daemon Server] - 2025-01-15T03:14:01.509Z - [REQUEST]: Responding to the client. handleHashTasks
[NX Daemon Server] - 2025-01-15T03:14:01.509Z - Done responding to the client handleHashTasks
[NX Daemon Server] - 2025-01-15T03:14:01.509Z - Handled HASH_TASKS. Handling time: 1. Response time: 0.
[NX Daemon Server] - 2025-01-15T03:14:01.517Z - [REQUEST]: Responding to the client. handleGetEstimatedTaskTimings
[NX Daemon Server] - 2025-01-15T03:14:01.517Z - Done responding to the client handleGetEstimatedTaskTimings
[NX Daemon Server] - 2025-01-15T03:14:01.517Z - Handled GET_ESTIMATED_TASK_TIMINGS. Handling time: 0. Response time: 0.
[NX Daemon Server] - 2025-01-15T03:14:01.524Z - [REQUEST]: Responding to the client. outputsHashesMatch
[NX Daemon Server] - 2025-01-15T03:14:01.525Z - Done responding to the client outputsHashesMatch
[NX Daemon Server] - 2025-01-15T03:14:01.525Z - Handled OUTPUTS_HASHES_MATCH. Handling time: 2. Response time: 1.
[NX Daemon Server] - 2025-01-15T03:14:01.529Z - [REQUEST]: Responding to the client. recordOutputsHash
[NX Daemon Server] - 2025-01-15T03:14:01.529Z - Done responding to the client recordOutputsHash
[NX Daemon Server] - 2025-01-15T03:14:01.529Z - Handled RECORD_OUTPUTS_HASH. Handling time: 2. Response time: 0.
[NX Daemon Server] - 2025-01-15T03:14:01.534Z - [REQUEST]: Responding to the client. handleRecordTaskRuns
[NX Daemon Server] - 2025-01-15T03:14:01.534Z - Done responding to the client handleRecordTaskRuns
[NX Daemon Server] - 2025-01-15T03:14:01.534Z - Handled RECORD_TASK_RUNS. Handling time: 2. Response time: 0.
[NX Daemon Server] - 2025-01-15T03:14:01.535Z - [REQUEST]: Responding to the client. handleGetFlakyTasks
[NX Daemon Server] - 2025-01-15T03:14:01.535Z - Done responding to the client handleGetFlakyTasks
[NX Daemon Server] - 2025-01-15T03:14:01.535Z - Handled GET_FLAKY_TASKS. Handling time: 0. Response time: 0.
[NX Daemon Server] - 2025-01-15T03:14:01.539Z - Closed a connection. Number of open connections: 5
[NX Daemon Server] - 2025-01-15T03:14:01.577Z - [WATCHER]: Processing file changes in outputs
[NX Daemon Server] - 2025-01-15T03:14:35.849Z - [WATCHER]: packages/util/dist was deleted
[NX Daemon Server] - 2025-01-15T03:14:35.849Z - [REQUEST]: Responding to the client. File watch changed
[NX Daemon Server] - 2025-01-15T03:14:35.850Z - [REQUEST]: Responding to the client. File watch changed
[NX Daemon Server] - 2025-01-15T03:14:35.850Z - Done responding to the client File watch changed
[NX Daemon Server] - 2025-01-15T03:14:35.850Z - Done responding to the client File watch changed
[NX Daemon Server] - 2025-01-15T03:14:35.850Z - Handled FILE-WATCH-CHANGED. Handling time: 0. Response time: 1.
[NX Daemon Server] - 2025-01-15T03:14:35.850Z - Handled FILE-WATCH-CHANGED. Handling time: 1. Response time: 0.
[NX Daemon Server] - 2025-01-15T03:14:35.850Z - [WATCHER]: Processing file changes in outputs
[NX Daemon Server] - 2025-01-15T03:14:35.850Z - Time taken for 'changed-projects' 0.08548100001644343ms
[NX Daemon Server] - 2025-01-15T03:14:35.950Z - [REQUEST]: Updated workspace context based on watched changes, recomputing project graph...
[NX Daemon Server] - 2025-01-15T03:14:35.950Z - [REQUEST]: 
[NX Daemon Server] - 2025-01-15T03:14:35.950Z - [REQUEST]: packages/util/dist
[NX Daemon Server] - 2025-01-15T03:14:35.972Z - Time taken for 'hash changed files from watcher' 0.0939599999692291ms
[NX Daemon Server] - 2025-01-15T03:14:35.981Z - Time taken for 'build-project-configs' 17.633605999988504ms
[NX Daemon Server] - 2025-01-15T03:14:35.982Z - Time taken for '@nx/js/typescript:createDependencies' 2.865246000001207ms
[NX Daemon Server] - 2025-01-15T03:14:35.989Z - [SYNC]: collect registered sync generators
[NX Daemon Server] - 2025-01-15T03:14:35.990Z - [SYNC]: project graph hash is the same, not collecting task sync generators
[NX Daemon Server] - 2025-01-15T03:14:35.990Z - [SYNC]: nx.json hash is the same, not collecting global sync generators
[NX Daemon Server] - 2025-01-15T03:14:35.990Z - [SYNC]: scheduling: ["@nx/js:typescript-sync"]
[NX Daemon Server] - 2025-01-15T03:14:35.990Z - Time taken for 'total execution time for createProjectGraph()' 9.598803000000771ms
[NX Daemon Server] - 2025-01-15T03:14:36.090Z - [SYNC]: running scheduled generator @nx/js:typescript-sync
[NX Daemon Server] - 2025-01-15T03:14:36.092Z - [REQUEST]: Client Request for Project Graph Received
[NX Daemon Server] - 2025-01-15T03:14:36.092Z - [REQUEST]: Responding to the client. project-graph
[NX Daemon Server] - 2025-01-15T03:14:36.092Z - Done responding to the client project-graph
[NX Daemon Server] - 2025-01-15T03:14:36.092Z - Handled REQUEST_PROJECT_GRAPH. Handling time: 0. Response time: 0.
[NX Daemon Server] - 2025-01-15T03:14:36.092Z - Time taken for 'total for creating and serializing project graph' 0.1675060000270605ms
[NX Daemon Server] - 2025-01-15T03:14:36.108Z - [SYNC]: @nx/js:typescript-sync changes: 
[NX Daemon Server] - 2025-01-15T03:14:36.108Z - Time taken for 'run-sync-generator:@nx/js:typescript-sync' 17.7647130000405ms
[NX Daemon Server] - 2025-01-15T03:14:36.351Z - [REQUEST]: Client Request for Project Graph Received
[NX Daemon Server] - 2025-01-15T03:14:36.351Z - [REQUEST]: Responding to the client. project-graph
[NX Daemon Server] - 2025-01-15T03:14:36.352Z - Done responding to the client project-graph
[NX Daemon Server] - 2025-01-15T03:14:36.352Z - Handled REQUEST_PROJECT_GRAPH. Handling time: 0. Response time: 1.
[NX Daemon Server] - 2025-01-15T03:14:36.352Z - Time taken for 'total for creating and serializing project graph' 0.2147339999792166ms
[NX Daemon Server] - 2025-01-15T03:14:36.852Z - Established a connection. Number of open connections: 6
[NX Daemon Server] - 2025-01-15T03:14:36.852Z - [REQUEST]: Client Request for Project Graph Received
[NX Daemon Server] - 2025-01-15T03:14:36.852Z - [REQUEST]: Responding to the client. project-graph
[NX Daemon Server] - 2025-01-15T03:14:36.853Z - Done responding to the client project-graph
[NX Daemon Server] - 2025-01-15T03:14:36.853Z - Handled REQUEST_PROJECT_GRAPH. Handling time: 0. Response time: 1.
[NX Daemon Server] - 2025-01-15T03:14:36.853Z - Time taken for 'total for creating and serializing project graph' 0.16378699999768287ms
[NX Daemon Server] - 2025-01-15T03:14:36.853Z - Closed a connection. Number of open connections: 5
[NX Daemon Server] - 2025-01-15T03:14:36.854Z - [REQUEST]: Responding to the client. handleContextFileData
[NX Daemon Server] - 2025-01-15T03:14:36.854Z - Done responding to the client handleContextFileData
[NX Daemon Server] - 2025-01-15T03:14:36.854Z - Handled GET_CONTEXT_FILE_DATA. Handling time: 0. Response time: 0.
[NX Daemon Server] - 2025-01-15T03:14:36.855Z - Closed a connection. Number of open connections: 4
[NX Daemon Server] - 2025-01-15T03:14:36.869Z - Closed a connection. Number of open connections: 3
[NX Daemon Server] - 2025-01-15T03:14:36.870Z - Established a connection. Number of open connections: 4
[NX Daemon Server] - 2025-01-15T03:14:36.870Z - Established a connection. Number of open connections: 5
[NX Daemon Server] - 2025-01-15T03:14:36.871Z - Closed a connection. Number of open connections: 4
[NX Daemon Server] - 2025-01-15T03:14:36.871Z - [REQUEST]: Client Request for Project Graph Received
[NX Daemon Server] - 2025-01-15T03:14:36.871Z - [REQUEST]: Responding to the client. project-graph
[NX Daemon Server] - 2025-01-15T03:14:36.871Z - Done responding to the client project-graph
[NX Daemon Server] - 2025-01-15T03:14:36.871Z - Handled REQUEST_PROJECT_GRAPH. Handling time: 0. Response time: 0.
[NX Daemon Server] - 2025-01-15T03:14:36.871Z - Time taken for 'total for creating and serializing project graph' 0.12813899997854605ms
[NX Daemon Server] - 2025-01-15T03:14:36.872Z - [REQUEST]: Client Request for Project Graph Received
[NX Daemon Server] - 2025-01-15T03:14:36.872Z - [REQUEST]: Responding to the client. project-graph
[NX Daemon Server] - 2025-01-15T03:14:36.873Z - Done responding to the client project-graph
[NX Daemon Server] - 2025-01-15T03:14:36.873Z - Handled REQUEST_PROJECT_GRAPH. Handling time: 0. Response time: 1.
[NX Daemon Server] - 2025-01-15T03:14:36.873Z - Time taken for 'total for creating and serializing project graph' 0.1203220000024885ms
[NX Daemon Server] - 2025-01-15T03:14:36.874Z - Established a connection. Number of open connections: 5
[NX Daemon Server] - 2025-01-15T03:15:00.067Z - Established a connection. Number of open connections: 6
[NX Daemon Server] - 2025-01-15T03:15:00.067Z - Closed a connection. Number of open connections: 5
[NX Daemon Server] - 2025-01-15T03:15:00.068Z - Established a connection. Number of open connections: 6
[NX Daemon Server] - 2025-01-15T03:15:00.069Z - [REQUEST]: Client Request for Project Graph Received
[NX Daemon Server] - 2025-01-15T03:15:00.070Z - [REQUEST]: Responding to the client. project-graph
[NX Daemon Server] - 2025-01-15T03:15:00.070Z - Done responding to the client project-graph
[NX Daemon Server] - 2025-01-15T03:15:00.070Z - Handled REQUEST_PROJECT_GRAPH. Handling time: 1. Response time: 0.
[NX Daemon Server] - 2025-01-15T03:15:00.070Z - Time taken for 'total for creating and serializing project graph' 0.18140499998116866ms
[NX Daemon Server] - 2025-01-15T03:15:00.076Z - [SYNC]: get sync generators changes on demand ["@nx/js:typescript-sync"]
[NX Daemon Server] - 2025-01-15T03:15:00.076Z - [SYNC]: @nx/js:typescript-sync not scheduled and has cached result, returning cached result
[NX Daemon Server] - 2025-01-15T03:15:00.076Z - [REQUEST]: Responding to the client. handleGetSyncGeneratorChanges
[NX Daemon Server] - 2025-01-15T03:15:00.077Z - Done responding to the client handleGetSyncGeneratorChanges
[NX Daemon Server] - 2025-01-15T03:15:00.077Z - Handled GET_SYNC_GENERATOR_CHANGES. Handling time: 0. Response time: 1.
[NX Daemon Server] - 2025-01-15T03:15:00.093Z - [REQUEST]: Responding to the client. handleHashTasks
[NX Daemon Server] - 2025-01-15T03:15:00.093Z - Done responding to the client handleHashTasks
[NX Daemon Server] - 2025-01-15T03:15:00.093Z - Handled HASH_TASKS. Handling time: 3. Response time: 0.
[NX Daemon Server] - 2025-01-15T03:15:00.109Z - [REQUEST]: Responding to the client. handleGetEstimatedTaskTimings
[NX Daemon Server] - 2025-01-15T03:15:00.109Z - Done responding to the client handleGetEstimatedTaskTimings
[NX Daemon Server] - 2025-01-15T03:15:00.109Z - Handled GET_ESTIMATED_TASK_TIMINGS. Handling time: 0. Response time: 0.
[NX Daemon Server] - 2025-01-15T03:15:00.119Z - [REQUEST]: Responding to the client. outputsHashesMatch
[NX Daemon Server] - 2025-01-15T03:15:00.119Z - Done responding to the client outputsHashesMatch
[NX Daemon Server] - 2025-01-15T03:15:00.119Z - Handled OUTPUTS_HASHES_MATCH. Handling time: 0. Response time: 0.
[NX Daemon Server] - 2025-01-15T03:15:00.122Z - [REQUEST]: Responding to the client. recordOutputsHash
[NX Daemon Server] - 2025-01-15T03:15:00.123Z - Done responding to the client recordOutputsHash
[NX Daemon Server] - 2025-01-15T03:15:00.123Z - Handled RECORD_OUTPUTS_HASH. Handling time: 1. Response time: 1.
[NX Daemon Server] - 2025-01-15T03:15:00.138Z - [REQUEST]: Responding to the client. handleRecordTaskRuns
[NX Daemon Server] - 2025-01-15T03:15:00.138Z - Done responding to the client handleRecordTaskRuns
[NX Daemon Server] - 2025-01-15T03:15:00.138Z - Handled RECORD_TASK_RUNS. Handling time: 12. Response time: 0.
[NX Daemon Server] - 2025-01-15T03:15:00.138Z - [REQUEST]: Responding to the client. handleGetFlakyTasks
[NX Daemon Server] - 2025-01-15T03:15:00.139Z - Done responding to the client handleGetFlakyTasks
[NX Daemon Server] - 2025-01-15T03:15:00.139Z - Handled GET_FLAKY_TASKS. Handling time: 0. Response time: 1.
[NX Daemon Server] - 2025-01-15T03:15:00.143Z - Closed a connection. Number of open connections: 5
[NX Daemon Server] - 2025-01-15T03:15:00.172Z - [WATCHER]: Processing file changes in outputs
[NX Daemon Server] - 2025-01-15T03:15:05.892Z - Established a connection. Number of open connections: 6
[NX Daemon Server] - 2025-01-15T03:15:05.893Z - Closed a connection. Number of open connections: 5
[NX Daemon Server] - 2025-01-15T03:15:05.894Z - Established a connection. Number of open connections: 6
[NX Daemon Server] - 2025-01-15T03:15:05.896Z - [REQUEST]: Client Request for Project Graph Received
[NX Daemon Server] - 2025-01-15T03:15:05.896Z - [REQUEST]: Responding to the client. project-graph
[NX Daemon Server] - 2025-01-15T03:15:05.896Z - Done responding to the client project-graph
[NX Daemon Server] - 2025-01-15T03:15:05.896Z - Handled REQUEST_PROJECT_GRAPH. Handling time: 0. Response time: 0.
[NX Daemon Server] - 2025-01-15T03:15:05.896Z - Time taken for 'total for creating and serializing project graph' 0.16805700003169477ms
[NX Daemon Server] - 2025-01-15T03:15:05.902Z - [SYNC]: get sync generators changes on demand ["@nx/js:typescript-sync"]
[NX Daemon Server] - 2025-01-15T03:15:05.902Z - [SYNC]: @nx/js:typescript-sync not scheduled and has cached result, returning cached result
[NX Daemon Server] - 2025-01-15T03:15:05.902Z - [REQUEST]: Responding to the client. handleGetSyncGeneratorChanges
[NX Daemon Server] - 2025-01-15T03:15:05.903Z - Done responding to the client handleGetSyncGeneratorChanges
[NX Daemon Server] - 2025-01-15T03:15:05.903Z - Handled GET_SYNC_GENERATOR_CHANGES. Handling time: 0. Response time: 1.
[NX Daemon Server] - 2025-01-15T03:15:05.917Z - [REQUEST]: Responding to the client. handleHashTasks
[NX Daemon Server] - 2025-01-15T03:15:05.917Z - Done responding to the client handleHashTasks
[NX Daemon Server] - 2025-01-15T03:15:05.917Z - Handled HASH_TASKS. Handling time: 2. Response time: 0.
[NX Daemon Server] - 2025-01-15T03:15:05.925Z - [REQUEST]: Responding to the client. handleGetEstimatedTaskTimings
[NX Daemon Server] - 2025-01-15T03:15:05.925Z - Done responding to the client handleGetEstimatedTaskTimings
[NX Daemon Server] - 2025-01-15T03:15:05.925Z - Handled GET_ESTIMATED_TASK_TIMINGS. Handling time: 1. Response time: 0.
[NX Daemon Server] - 2025-01-15T03:15:05.931Z - [REQUEST]: Responding to the client. outputsHashesMatch
[NX Daemon Server] - 2025-01-15T03:15:05.931Z - Done responding to the client outputsHashesMatch
[NX Daemon Server] - 2025-01-15T03:15:05.931Z - Handled OUTPUTS_HASHES_MATCH. Handling time: 2. Response time: 0.
[NX Daemon Server] - 2025-01-15T03:15:05.935Z - [REQUEST]: Responding to the client. recordOutputsHash
[NX Daemon Server] - 2025-01-15T03:15:05.935Z - Done responding to the client recordOutputsHash
[NX Daemon Server] - 2025-01-15T03:15:05.935Z - Handled RECORD_OUTPUTS_HASH. Handling time: 3. Response time: 0.
[NX Daemon Server] - 2025-01-15T03:15:05.944Z - [REQUEST]: Responding to the client. handleRecordTaskRuns
[NX Daemon Server] - 2025-01-15T03:15:05.944Z - Done responding to the client handleRecordTaskRuns
[NX Daemon Server] - 2025-01-15T03:15:05.944Z - Handled RECORD_TASK_RUNS. Handling time: 5. Response time: 0.
[NX Daemon Server] - 2025-01-15T03:15:05.945Z - [REQUEST]: Responding to the client. handleGetFlakyTasks
[NX Daemon Server] - 2025-01-15T03:15:05.945Z - Done responding to the client handleGetFlakyTasks
[NX Daemon Server] - 2025-01-15T03:15:05.945Z - Handled GET_FLAKY_TASKS. Handling time: 1. Response time: 0.
[NX Daemon Server] - 2025-01-15T03:15:05.950Z - Closed a connection. Number of open connections: 5
[NX Daemon Server] - 2025-01-15T03:15:05.982Z - [WATCHER]: Processing file changes in outputs
[NX Daemon Server] - 2025-01-15T03:17:07.452Z - Established a connection. Number of open connections: 6
[NX Daemon Server] - 2025-01-15T03:17:07.453Z - Closed a connection. Number of open connections: 5
[NX Daemon Server] - 2025-01-15T03:17:07.454Z - Established a connection. Number of open connections: 6
[NX Daemon Server] - 2025-01-15T03:17:07.456Z - [REQUEST]: Client Request for Project Graph Received
[NX Daemon Server] - 2025-01-15T03:17:07.456Z - [REQUEST]: Responding to the client. project-graph
[NX Daemon Server] - 2025-01-15T03:17:07.456Z - Done responding to the client project-graph
[NX Daemon Server] - 2025-01-15T03:17:07.456Z - Handled REQUEST_PROJECT_GRAPH. Handling time: 0. Response time: 0.
[NX Daemon Server] - 2025-01-15T03:17:07.456Z - Time taken for 'total for creating and serializing project graph' 0.2166029999498278ms
[NX Daemon Server] - 2025-01-15T03:17:07.462Z - [SYNC]: get sync generators changes on demand ["@nx/js:typescript-sync"]
[NX Daemon Server] - 2025-01-15T03:17:07.463Z - [SYNC]: @nx/js:typescript-sync not scheduled and has cached result, returning cached result
[NX Daemon Server] - 2025-01-15T03:17:07.463Z - [REQUEST]: Responding to the client. handleGetSyncGeneratorChanges
[NX Daemon Server] - 2025-01-15T03:17:07.463Z - Done responding to the client handleGetSyncGeneratorChanges
[NX Daemon Server] - 2025-01-15T03:17:07.463Z - Handled GET_SYNC_GENERATOR_CHANGES. Handling time: 1. Response time: 0.
[NX Daemon Server] - 2025-01-15T03:17:07.476Z - [REQUEST]: Responding to the client. handleHashTasks
[NX Daemon Server] - 2025-01-15T03:17:07.476Z - Done responding to the client handleHashTasks
[NX Daemon Server] - 2025-01-15T03:17:07.476Z - Handled HASH_TASKS. Handling time: 1. Response time: 0.
[NX Daemon Server] - 2025-01-15T03:17:07.486Z - [REQUEST]: Responding to the client. handleGetEstimatedTaskTimings
[NX Daemon Server] - 2025-01-15T03:17:07.486Z - Done responding to the client handleGetEstimatedTaskTimings
[NX Daemon Server] - 2025-01-15T03:17:07.486Z - Handled GET_ESTIMATED_TASK_TIMINGS. Handling time: 1. Response time: 0.
[NX Daemon Server] - 2025-01-15T03:17:07.493Z - [REQUEST]: Responding to the client. outputsHashesMatch
[NX Daemon Server] - 2025-01-15T03:17:07.494Z - Done responding to the client outputsHashesMatch
[NX Daemon Server] - 2025-01-15T03:17:07.494Z - Handled OUTPUTS_HASHES_MATCH. Handling time: 2. Response time: 1.
[NX Daemon Server] - 2025-01-15T03:17:07.496Z - [REQUEST]: Responding to the client. recordOutputsHash
[NX Daemon Server] - 2025-01-15T03:17:07.496Z - Done responding to the client recordOutputsHash
[NX Daemon Server] - 2025-01-15T03:17:07.496Z - Handled RECORD_OUTPUTS_HASH. Handling time: 1. Response time: 0.
[NX Daemon Server] - 2025-01-15T03:17:07.505Z - [REQUEST]: Responding to the client. outputsHashesMatch
[NX Daemon Server] - 2025-01-15T03:17:07.505Z - Done responding to the client outputsHashesMatch
[NX Daemon Server] - 2025-01-15T03:17:07.505Z - Handled OUTPUTS_HASHES_MATCH. Handling time: 3. Response time: 0.
[NX Daemon Server] - 2025-01-15T03:17:07.507Z - [REQUEST]: Responding to the client. outputsHashesMatch
[NX Daemon Server] - 2025-01-15T03:17:07.507Z - Done responding to the client outputsHashesMatch
[NX Daemon Server] - 2025-01-15T03:17:07.507Z - Handled OUTPUTS_HASHES_MATCH. Handling time: 2. Response time: 0.
[NX Daemon Server] - 2025-01-15T03:17:07.509Z - [REQUEST]: Responding to the client. recordOutputsHash
[NX Daemon Server] - 2025-01-15T03:17:07.509Z - Done responding to the client recordOutputsHash
[NX Daemon Server] - 2025-01-15T03:17:07.509Z - Handled RECORD_OUTPUTS_HASH. Handling time: 1. Response time: 0.
[NX Daemon Server] - 2025-01-15T03:17:07.513Z - [REQUEST]: Responding to the client. recordOutputsHash
[NX Daemon Server] - 2025-01-15T03:17:07.513Z - Done responding to the client recordOutputsHash
[NX Daemon Server] - 2025-01-15T03:17:07.513Z - Handled RECORD_OUTPUTS_HASH. Handling time: 3. Response time: 0.
[NX Daemon Server] - 2025-01-15T03:17:07.517Z - [REQUEST]: Responding to the client. outputsHashesMatch
[NX Daemon Server] - 2025-01-15T03:17:07.517Z - Done responding to the client outputsHashesMatch
[NX Daemon Server] - 2025-01-15T03:17:07.517Z - Handled OUTPUTS_HASHES_MATCH. Handling time: 1. Response time: 0.
[NX Daemon Server] - 2025-01-15T03:17:07.521Z - [REQUEST]: Responding to the client. recordOutputsHash
[NX Daemon Server] - 2025-01-15T03:17:07.521Z - Done responding to the client recordOutputsHash
[NX Daemon Server] - 2025-01-15T03:17:07.521Z - Handled RECORD_OUTPUTS_HASH. Handling time: 3. Response time: 0.
[NX Daemon Server] - 2025-01-15T03:17:07.524Z - [REQUEST]: Responding to the client. handleRecordTaskRuns
[NX Daemon Server] - 2025-01-15T03:17:07.524Z - Done responding to the client handleRecordTaskRuns
[NX Daemon Server] - 2025-01-15T03:17:07.524Z - Handled RECORD_TASK_RUNS. Handling time: 2. Response time: 0.
[NX Daemon Server] - 2025-01-15T03:17:07.525Z - [REQUEST]: Responding to the client. handleGetFlakyTasks
[NX Daemon Server] - 2025-01-15T03:17:07.525Z - Done responding to the client handleGetFlakyTasks
[NX Daemon Server] - 2025-01-15T03:17:07.525Z - Handled GET_FLAKY_TASKS. Handling time: 0. Response time: 0.
[NX Daemon Server] - 2025-01-15T03:17:07.529Z - Closed a connection. Number of open connections: 5
[NX Daemon Server] - 2025-01-15T03:18:54.163Z - [WATCHER]: nx.json was modified
[NX Daemon Server] - 2025-01-15T03:18:54.163Z - [REQUEST]: Responding to the client. File watch changed
[NX Daemon Server] - 2025-01-15T03:18:54.163Z - [REQUEST]: Responding to the client. File watch changed
[NX Daemon Server] - 2025-01-15T03:18:54.163Z - Done responding to the client File watch changed
[NX Daemon Server] - 2025-01-15T03:18:54.163Z - Done responding to the client File watch changed
[NX Daemon Server] - 2025-01-15T03:18:54.163Z - Handled FILE-WATCH-CHANGED. Handling time: 0. Response time: 0.
[NX Daemon Server] - 2025-01-15T03:18:54.163Z - Handled FILE-WATCH-CHANGED. Handling time: 0. Response time: 0.
[NX Daemon Server] - 2025-01-15T03:18:54.163Z - [WATCHER]: Processing file changes in outputs
[NX Daemon Server] - 2025-01-15T03:18:54.163Z - Time taken for 'changed-projects' 0.09454899991396815ms
[NX Daemon Server] - 2025-01-15T03:18:54.263Z - [REQUEST]: Updated workspace context based on watched changes, recomputing project graph...
[NX Daemon Server] - 2025-01-15T03:18:54.263Z - [REQUEST]: nx.json
[NX Daemon Server] - 2025-01-15T03:18:54.263Z - [REQUEST]: 
[NX Daemon Server] - 2025-01-15T03:18:54.271Z - Time taken for 'hash changed files from watcher' 0.060815000091679394ms
[NX Daemon Server] - 2025-01-15T03:18:54.274Z - Time taken for 'build-project-configs' 8.200007000006735ms
[NX Daemon Server] - 2025-01-15T03:18:54.275Z - Time taken for '@nx/js/typescript:createDependencies' 2.1191300000064075ms
[NX Daemon Server] - 2025-01-15T03:18:54.282Z - [SYNC]: collect registered sync generators
[NX Daemon Server] - 2025-01-15T03:18:54.282Z - [SYNC]: project graph hash is the same, not collecting task sync generators
[NX Daemon Server] - 2025-01-15T03:18:54.282Z - [SYNC]: nx.json hash is the same, not collecting global sync generators
[NX Daemon Server] - 2025-01-15T03:18:54.282Z - [SYNC]: scheduling: ["@nx/js:typescript-sync"]
[NX Daemon Server] - 2025-01-15T03:18:54.282Z - Time taken for 'total execution time for createProjectGraph()' 7.236436999985017ms
[NX Daemon Server] - 2025-01-15T03:18:54.382Z - [SYNC]: running scheduled generator @nx/js:typescript-sync
[NX Daemon Server] - 2025-01-15T03:18:54.383Z - [REQUEST]: Client Request for Project Graph Received
[NX Daemon Server] - 2025-01-15T03:18:54.383Z - [REQUEST]: Responding to the client. project-graph
[NX Daemon Server] - 2025-01-15T03:18:54.383Z - Done responding to the client project-graph
[NX Daemon Server] - 2025-01-15T03:18:54.383Z - Handled REQUEST_PROJECT_GRAPH. Handling time: 0. Response time: 0.
[NX Daemon Server] - 2025-01-15T03:18:54.383Z - Time taken for 'total for creating and serializing project graph' 0.1603080000495538ms
[NX Daemon Server] - 2025-01-15T03:18:54.396Z - [SYNC]: @nx/js:typescript-sync changes: 
[NX Daemon Server] - 2025-01-15T03:18:54.396Z - Time taken for 'run-sync-generator:@nx/js:typescript-sync' 14.24118900008034ms
[NX Daemon Server] - 2025-01-15T03:18:54.665Z - [REQUEST]: Client Request for Project Graph Received
[NX Daemon Server] - 2025-01-15T03:18:54.665Z - [REQUEST]: Responding to the client. project-graph
[NX Daemon Server] - 2025-01-15T03:18:54.665Z - Done responding to the client project-graph
[NX Daemon Server] - 2025-01-15T03:18:54.665Z - Handled REQUEST_PROJECT_GRAPH. Handling time: 0. Response time: 0.
[NX Daemon Server] - 2025-01-15T03:18:54.665Z - Time taken for 'total for creating and serializing project graph' 0.2016740000108257ms
[NX Daemon Server] - 2025-01-15T03:18:55.165Z - Established a connection. Number of open connections: 6
[NX Daemon Server] - 2025-01-15T03:18:55.165Z - [REQUEST]: Client Request for Project Graph Received
[NX Daemon Server] - 2025-01-15T03:18:55.166Z - [REQUEST]: Responding to the client. project-graph
[NX Daemon Server] - 2025-01-15T03:18:55.166Z - Done responding to the client project-graph
[NX Daemon Server] - 2025-01-15T03:18:55.166Z - Handled REQUEST_PROJECT_GRAPH. Handling time: 1. Response time: 0.
[NX Daemon Server] - 2025-01-15T03:18:55.166Z - Time taken for 'total for creating and serializing project graph' 0.1602970000822097ms
[NX Daemon Server] - 2025-01-15T03:18:55.166Z - Closed a connection. Number of open connections: 5
[NX Daemon Server] - 2025-01-15T03:18:55.167Z - [REQUEST]: Responding to the client. handleContextFileData
[NX Daemon Server] - 2025-01-15T03:18:55.167Z - Done responding to the client handleContextFileData
[NX Daemon Server] - 2025-01-15T03:18:55.167Z - Handled GET_CONTEXT_FILE_DATA. Handling time: 0. Response time: 0.
[NX Daemon Server] - 2025-01-15T03:18:55.168Z - Closed a connection. Number of open connections: 4
[NX Daemon Server] - 2025-01-15T03:18:55.182Z - Closed a connection. Number of open connections: 3
[NX Daemon Server] - 2025-01-15T03:18:55.183Z - Established a connection. Number of open connections: 4
[NX Daemon Server] - 2025-01-15T03:18:55.183Z - Established a connection. Number of open connections: 5
[NX Daemon Server] - 2025-01-15T03:18:55.183Z - Closed a connection. Number of open connections: 4
[NX Daemon Server] - 2025-01-15T03:18:55.184Z - [REQUEST]: Client Request for Project Graph Received
[NX Daemon Server] - 2025-01-15T03:18:55.184Z - [REQUEST]: Responding to the client. project-graph
[NX Daemon Server] - 2025-01-15T03:18:55.184Z - Done responding to the client project-graph
[NX Daemon Server] - 2025-01-15T03:18:55.184Z - Handled REQUEST_PROJECT_GRAPH. Handling time: 0. Response time: 0.
[NX Daemon Server] - 2025-01-15T03:18:55.184Z - Time taken for 'total for creating and serializing project graph' 0.14661199995316565ms
[NX Daemon Server] - 2025-01-15T03:18:55.186Z - [REQUEST]: Client Request for Project Graph Received
[NX Daemon Server] - 2025-01-15T03:18:55.186Z - [REQUEST]: Responding to the client. project-graph
[NX Daemon Server] - 2025-01-15T03:18:55.186Z - Done responding to the client project-graph
[NX Daemon Server] - 2025-01-15T03:18:55.186Z - Handled REQUEST_PROJECT_GRAPH. Handling time: 0. Response time: 0.
[NX Daemon Server] - 2025-01-15T03:18:55.186Z - Time taken for 'total for creating and serializing project graph' 0.17241699993610382ms
[NX Daemon Server] - 2025-01-15T03:18:55.187Z - Established a connection. Number of open connections: 5
[NX Daemon Server] - 2025-01-15T03:19:29.425Z - Established a connection. Number of open connections: 6
[NX Daemon Server] - 2025-01-15T03:19:29.425Z - Closed a connection. Number of open connections: 5
[NX Daemon Server] - 2025-01-15T03:19:29.426Z - Established a connection. Number of open connections: 6
[NX Daemon Server] - 2025-01-15T03:19:29.427Z - [REQUEST]: Client Request for Project Graph Received
[NX Daemon Server] - 2025-01-15T03:19:29.428Z - [REQUEST]: Responding to the client. project-graph
[NX Daemon Server] - 2025-01-15T03:19:29.428Z - Done responding to the client project-graph
[NX Daemon Server] - 2025-01-15T03:19:29.428Z - Handled REQUEST_PROJECT_GRAPH. Handling time: 1. Response time: 0.
[NX Daemon Server] - 2025-01-15T03:19:29.428Z - Time taken for 'total for creating and serializing project graph' 0.49008699995465577ms
[NX Daemon Server] - 2025-01-15T03:19:29.431Z - [REQUEST]: Responding to the client. handleContextFileData
[NX Daemon Server] - 2025-01-15T03:19:29.431Z - Done responding to the client handleContextFileData
[NX Daemon Server] - 2025-01-15T03:19:29.431Z - Handled GET_CONTEXT_FILE_DATA. Handling time: 1. Response time: 0.
[NX Daemon Server] - 2025-01-15T03:19:29.874Z - [REQUEST]: Client Request for Project Graph Received
[NX Daemon Server] - 2025-01-15T03:19:29.874Z - [REQUEST]: Responding to the client. project-graph
[NX Daemon Server] - 2025-01-15T03:19:29.874Z - Done responding to the client project-graph
[NX Daemon Server] - 2025-01-15T03:19:29.874Z - Handled REQUEST_PROJECT_GRAPH. Handling time: 0. Response time: 0.
[NX Daemon Server] - 2025-01-15T03:19:29.874Z - Time taken for 'total for creating and serializing project graph' 0.21964599995408207ms
[NX Daemon Server] - 2025-01-15T03:19:29.876Z - [REQUEST]: Responding to the client. handleContextFileData
[NX Daemon Server] - 2025-01-15T03:19:29.876Z - Done responding to the client handleContextFileData
[NX Daemon Server] - 2025-01-15T03:19:29.876Z - Handled GET_CONTEXT_FILE_DATA. Handling time: 0. Response time: 0.
[NX Daemon Server] - 2025-01-15T03:20:12.893Z - [REQUEST]: Client Request for Project Graph Received
[NX Daemon Server] - 2025-01-15T03:20:12.894Z - [REQUEST]: Responding to the client. project-graph
[NX Daemon Server] - 2025-01-15T03:20:12.894Z - Done responding to the client project-graph
[NX Daemon Server] - 2025-01-15T03:20:12.894Z - Handled REQUEST_PROJECT_GRAPH. Handling time: 1. Response time: 0.
[NX Daemon Server] - 2025-01-15T03:20:12.894Z - Time taken for 'total for creating and serializing project graph' 0.296305000083521ms
[NX Daemon Server] - 2025-01-15T03:20:12.896Z - [REQUEST]: Responding to the client. handleContextFileData
[NX Daemon Server] - 2025-01-15T03:20:12.897Z - Done responding to the client handleContextFileData
[NX Daemon Server] - 2025-01-15T03:20:12.897Z - Handled GET_CONTEXT_FILE_DATA. Handling time: 0. Response time: 1.
[NX Daemon Server] - 2025-01-15T03:20:13.427Z - Closed a connection. Number of open connections: 5
[NX Daemon Server] - 2025-01-15T03:21:32.981Z - Established a connection. Number of open connections: 6
[NX Daemon Server] - 2025-01-15T03:21:32.981Z - Closed a connection. Number of open connections: 5
[NX Daemon Server] - 2025-01-15T03:21:32.982Z - Established a connection. Number of open connections: 6
[NX Daemon Server] - 2025-01-15T03:21:32.983Z - [REQUEST]: Client Request for Project Graph Received
[NX Daemon Server] - 2025-01-15T03:21:32.983Z - [REQUEST]: Responding to the client. project-graph
[NX Daemon Server] - 2025-01-15T03:21:32.984Z - Done responding to the client project-graph
[NX Daemon Server] - 2025-01-15T03:21:32.984Z - Handled REQUEST_PROJECT_GRAPH. Handling time: 0. Response time: 1.
[NX Daemon Server] - 2025-01-15T03:21:32.984Z - Time taken for 'total for creating and serializing project graph' 0.19563400000333786ms
[NX Daemon Server] - 2025-01-15T03:21:32.986Z - [REQUEST]: Responding to the client. handleContextFileData
[NX Daemon Server] - 2025-01-15T03:21:32.986Z - Done responding to the client handleContextFileData
[NX Daemon Server] - 2025-01-15T03:21:32.986Z - Handled GET_CONTEXT_FILE_DATA. Handling time: 0. Response time: 0.
[NX Daemon Server] - 2025-01-15T03:21:33.325Z - [REQUEST]: Client Request for Project Graph Received
[NX Daemon Server] - 2025-01-15T03:21:33.325Z - [REQUEST]: Responding to the client. project-graph
[NX Daemon Server] - 2025-01-15T03:21:33.325Z - Done responding to the client project-graph
[NX Daemon Server] - 2025-01-15T03:21:33.325Z - Handled REQUEST_PROJECT_GRAPH. Handling time: 0. Response time: 0.
[NX Daemon Server] - 2025-01-15T03:21:33.325Z - Time taken for 'total for creating and serializing project graph' 0.23772099998313934ms
[NX Daemon Server] - 2025-01-15T03:21:33.327Z - [REQUEST]: Responding to the client. handleContextFileData
[NX Daemon Server] - 2025-01-15T03:21:33.327Z - Done responding to the client handleContextFileData
[NX Daemon Server] - 2025-01-15T03:21:33.327Z - Handled GET_CONTEXT_FILE_DATA. Handling time: 0. Response time: 0.
[NX Daemon Server] - 2025-01-15T03:21:52.211Z - [REQUEST]: Client Request for Project Graph Received
[NX Daemon Server] - 2025-01-15T03:21:52.211Z - [REQUEST]: Responding to the client. project-graph
[NX Daemon Server] - 2025-01-15T03:21:52.211Z - Done responding to the client project-graph
[NX Daemon Server] - 2025-01-15T03:21:52.211Z - Handled REQUEST_PROJECT_GRAPH. Handling time: 0. Response time: 0.
[NX Daemon Server] - 2025-01-15T03:21:52.211Z - Time taken for 'total for creating and serializing project graph' 0.17937599995639175ms
[NX Daemon Server] - 2025-01-15T03:21:52.214Z - [REQUEST]: Responding to the client. handleContextFileData
[NX Daemon Server] - 2025-01-15T03:21:52.214Z - Done responding to the client handleContextFileData
[NX Daemon Server] - 2025-01-15T03:21:52.214Z - Handled GET_CONTEXT_FILE_DATA. Handling time: 0. Response time: 0.
[NX Daemon Server] - 2025-01-15T03:21:52.754Z - Closed a connection. Number of open connections: 5
[NX Daemon Server] - 2025-01-15T03:22:38.948Z - Established a connection. Number of open connections: 6
[NX Daemon Server] - 2025-01-15T03:22:38.948Z - Closed a connection. Number of open connections: 5
[NX Daemon Server] - 2025-01-15T03:22:38.949Z - Established a connection. Number of open connections: 6
[NX Daemon Server] - 2025-01-15T03:22:38.950Z - [REQUEST]: Client Request for Project Graph Received
[NX Daemon Server] - 2025-01-15T03:22:38.950Z - [REQUEST]: Responding to the client. project-graph
[NX Daemon Server] - 2025-01-15T03:22:38.951Z - Done responding to the client project-graph
[NX Daemon Server] - 2025-01-15T03:22:38.951Z - Handled REQUEST_PROJECT_GRAPH. Handling time: 0. Response time: 1.
[NX Daemon Server] - 2025-01-15T03:22:38.951Z - Time taken for 'total for creating and serializing project graph' 0.20769900002051145ms
[NX Daemon Server] - 2025-01-15T03:22:38.953Z - [REQUEST]: Responding to the client. handleContextFileData
[NX Daemon Server] - 2025-01-15T03:22:38.953Z - Done responding to the client handleContextFileData
[NX Daemon Server] - 2025-01-15T03:22:38.953Z - Handled GET_CONTEXT_FILE_DATA. Handling time: 0. Response time: 0.
[NX Daemon Server] - 2025-01-15T03:22:39.300Z - [REQUEST]: Client Request for Project Graph Received
[NX Daemon Server] - 2025-01-15T03:22:39.300Z - [REQUEST]: Responding to the client. project-graph
[NX Daemon Server] - 2025-01-15T03:22:39.301Z - Done responding to the client project-graph
[NX Daemon Server] - 2025-01-15T03:22:39.301Z - Handled REQUEST_PROJECT_GRAPH. Handling time: 0. Response time: 1.
[NX Daemon Server] - 2025-01-15T03:22:39.301Z - Time taken for 'total for creating and serializing project graph' 0.19526099995709956ms
[NX Daemon Server] - 2025-01-15T03:22:39.303Z - [REQUEST]: Responding to the client. handleContextFileData
[NX Daemon Server] - 2025-01-15T03:22:39.303Z - Done responding to the client handleContextFileData
[NX Daemon Server] - 2025-01-15T03:22:39.303Z - Handled GET_CONTEXT_FILE_DATA. Handling time: 1. Response time: 0.
[NX Daemon Server] - 2025-01-15T03:22:47.985Z - [REQUEST]: Responding to the client. Shutdown initiated
[NX Daemon Server] - 2025-01-15T03:22:47.986Z - Done responding to the client Shutdown initiated
[NX Daemon Server] - 2025-01-15T03:22:47.986Z - Handled FORCE_SHUTDOWN. Handling time: 0. Response time: 1.
[NX Daemon Server] - 2025-01-15T03:22:47.986Z - Closed a connection. Number of open connections: 5
[NX Daemon Server] - 2025-01-15T03:22:47.986Z - Closed a connection. Number of open connections: 4
[NX Daemon Server] - 2025-01-15T03:22:47.986Z - Closed a connection. Number of open connections: 3
[NX Daemon Server] - 2025-01-15T03:22:47.986Z - Closed a connection. Number of open connections: 2
[NX Daemon Server] - 2025-01-15T03:22:47.987Z - Closed a connection. Number of open connections: 1
[NX Daemon Server] - 2025-01-15T03:22:47.987Z - Closed a connection. Number of open connections: 0
[NX Daemon Server] - 2025-01-15T03:22:47.987Z - [WATCHER]: Stopping the watcher for /home/daniel/Documents/Coding_Projects/ai-ml/2ndBrain_Joose/tuskydesign (sources)
[NX Daemon Server] - 2025-01-15T03:22:47.987Z - [WATCHER]: Stopping the watcher for /home/daniel/Documents/Coding_Projects/ai-ml/2ndBrain_Joose/tuskydesign (outputs)
[NX Daemon Server] - 2025-01-15T03:22:49.013Z - Started listening on: /tmp/1c1781ad4910766e6c3a/d.sock
[NX Daemon Server] - 2025-01-15T03:22:49.015Z - [WATCHER]: Subscribed to changes within: /home/daniel/Documents/Coding_Projects/ai-ml/2ndBrain_Joose/tuskydesign (native)
[NX Daemon Server] - 2025-01-15T03:22:49.021Z - Established a connection. Number of open connections: 1
[NX Daemon Server] - 2025-01-15T03:22:49.023Z - Closed a connection. Number of open connections: 0
[NX Daemon Server] - 2025-01-15T03:22:49.051Z - Established a connection. Number of open connections: 1
[NX Daemon Server] - 2025-01-15T03:22:49.051Z - Established a connection. Number of open connections: 2
[NX Daemon Server] - 2025-01-15T03:22:49.052Z - Closed a connection. Number of open connections: 1
[NX Daemon Server] - 2025-01-15T03:22:49.053Z - [REQUEST]: Client Request for Project Graph Received
[NX Daemon Server] - 2025-01-15T03:22:49.242Z - Time taken for 'Load Nx Plugin: /home/daniel/Documents/Coding_Projects/ai-ml/2ndBrain_Joose/tuskydesign/node_modules/nx/src/plugins/package-json' 186.566699ms
[NX Daemon Server] - 2025-01-15T03:22:49.249Z - Time taken for 'Load Nx Plugin: /home/daniel/Documents/Coding_Projects/ai-ml/2ndBrain_Joose/tuskydesign/node_modules/nx/src/plugins/project-json/build-nodes/project-json' 193.79522899999998ms
[NX Daemon Server] - 2025-01-15T03:22:49.255Z - Time taken for 'Load Nx Plugin: /home/daniel/Documents/Coding_Projects/ai-ml/2ndBrain_Joose/tuskydesign/node_modules/nx/src/plugins/js' 200.05910100000003ms
[NX Daemon Server] - 2025-01-15T03:22:49.294Z - [REQUEST]: Updated workspace context based on watched changes, recomputing project graph...
[NX Daemon Server] - 2025-01-15T03:22:49.295Z - [REQUEST]: 
[NX Daemon Server] - 2025-01-15T03:22:49.295Z - [REQUEST]: 
[NX Daemon Server] - 2025-01-15T03:22:49.308Z - Time taken for 'loadNxPlugins' 240.519892ms
[NX Daemon Server] - 2025-01-15T03:22:49.521Z - Time taken for 'build-project-configs' 211.37475400000005ms
[NX Daemon Server] - 2025-01-15T03:22:49.523Z - Time taken for '@nx/js/typescript:createDependencies' 2.646908000000053ms
[NX Daemon Server] - 2025-01-15T03:22:49.563Z - Established a connection. Number of open connections: 2
[NX Daemon Server] - 2025-01-15T03:22:49.563Z - Established a connection. Number of open connections: 3
[NX Daemon Server] - 2025-01-15T03:22:49.564Z - Closed a connection. Number of open connections: 2
[NX Daemon Server] - 2025-01-15T03:22:49.564Z - Established a connection. Number of open connections: 3
[NX Daemon Server] - 2025-01-15T03:22:49.564Z - Closed a connection. Number of open connections: 2
[NX Daemon Server] - 2025-01-15T03:22:49.564Z - [REQUEST]: Client Request for Project Graph Received
[NX Daemon Server] - 2025-01-15T03:22:49.734Z - [SYNC]: collect registered sync generators
[NX Daemon Server] - 2025-01-15T03:22:49.735Z - [SYNC]: scheduling: ["@nx/js:typescript-sync"]
[NX Daemon Server] - 2025-01-15T03:22:49.735Z - [REQUEST]: Responding to the client. project-graph
[NX Daemon Server] - 2025-01-15T03:22:49.735Z - [REQUEST]: Responding to the client. project-graph
[NX Daemon Server] - 2025-01-15T03:22:49.735Z - Done responding to the client project-graph
[NX Daemon Server] - 2025-01-15T03:22:49.736Z - Done responding to the client project-graph
[NX Daemon Server] - 2025-01-15T03:22:49.736Z - Handled REQUEST_PROJECT_GRAPH. Handling time: 682. Response time: 1.
[NX Daemon Server] - 2025-01-15T03:22:49.736Z - Handled REQUEST_PROJECT_GRAPH. Handling time: 171. Response time: 1.
[NX Daemon Server] - 2025-01-15T03:22:49.736Z - Time taken for 'total execution time for createProjectGraph()' 214.98147800000004ms
[NX Daemon Server] - 2025-01-15T03:22:49.737Z - [REQUEST]: Responding to the client. handleContextFileData
[NX Daemon Server] - 2025-01-15T03:22:49.737Z - Done responding to the client handleContextFileData
[NX Daemon Server] - 2025-01-15T03:22:49.737Z - Handled GET_CONTEXT_FILE_DATA. Handling time: 0. Response time: 0.
[NX Daemon Server] - 2025-01-15T03:22:49.738Z - Closed a connection. Number of open connections: 1
[NX Daemon Server] - 2025-01-15T03:22:49.738Z - [REQUEST]: Responding to the client. handleContextFileData
[NX Daemon Server] - 2025-01-15T03:22:49.738Z - Done responding to the client handleContextFileData
[NX Daemon Server] - 2025-01-15T03:22:49.738Z - Handled GET_CONTEXT_FILE_DATA. Handling time: 0. Response time: 0.
[NX Daemon Server] - 2025-01-15T03:22:49.756Z - Established a connection. Number of open connections: 2
[NX Daemon Server] - 2025-01-15T03:22:49.756Z - Established a connection. Number of open connections: 3
[NX Daemon Server] - 2025-01-15T03:22:49.756Z - Closed a connection. Number of open connections: 2
[NX Daemon Server] - 2025-01-15T03:22:49.756Z - [REQUEST]: Client Request for Project Graph Received
[NX Daemon Server] - 2025-01-15T03:22:49.757Z - [REQUEST]: Responding to the client. project-graph
[NX Daemon Server] - 2025-01-15T03:22:49.757Z - Done responding to the client project-graph
[NX Daemon Server] - 2025-01-15T03:22:49.757Z - Handled REQUEST_PROJECT_GRAPH. Handling time: 1. Response time: 0.
[NX Daemon Server] - 2025-01-15T03:22:49.757Z - Time taken for 'total for creating and serializing project graph' 0.18356299999993553ms
[NX Daemon Server] - 2025-01-15T03:22:49.759Z - [REQUEST]: Client Request for Project Graph Received
[NX Daemon Server] - 2025-01-15T03:22:49.759Z - [REQUEST]: Responding to the client. project-graph
[NX Daemon Server] - 2025-01-15T03:22:49.759Z - Done responding to the client project-graph
[NX Daemon Server] - 2025-01-15T03:22:49.759Z - Handled REQUEST_PROJECT_GRAPH. Handling time: 0. Response time: 0.
[NX Daemon Server] - 2025-01-15T03:22:49.760Z - Time taken for 'total for creating and serializing project graph' 0.2573449999999866ms
[NX Daemon Server] - 2025-01-15T03:22:49.761Z - Established a connection. Number of open connections: 3
[NX Daemon Server] - 2025-01-15T03:22:49.835Z - [SYNC]: running scheduled generator @nx/js:typescript-sync
[NX Daemon Server] - 2025-01-15T03:22:50.038Z - Established a connection. Number of open connections: 4
[NX Daemon Server] - 2025-01-15T03:22:50.038Z - Established a connection. Number of open connections: 5
[NX Daemon Server] - 2025-01-15T03:22:50.039Z - Closed a connection. Number of open connections: 4
[NX Daemon Server] - 2025-01-15T03:22:50.039Z - [REQUEST]: Client Request for Project Graph Received
[NX Daemon Server] - 2025-01-15T03:22:50.039Z - [REQUEST]: Responding to the client. project-graph
[NX Daemon Server] - 2025-01-15T03:22:50.039Z - Done responding to the client project-graph
[NX Daemon Server] - 2025-01-15T03:22:50.039Z - Handled REQUEST_PROJECT_GRAPH. Handling time: 0. Response time: 0.
[NX Daemon Server] - 2025-01-15T03:22:50.040Z - Time taken for 'total for creating and serializing project graph' 0.20933899999999994ms
[NX Daemon Server] - 2025-01-15T03:22:50.066Z - [SYNC]: @nx/js:typescript-sync changes: 
[NX Daemon Server] - 2025-01-15T03:22:50.066Z - Time taken for 'run-sync-generator:@nx/js:typescript-sync' 230.49507899999992ms
[NX Daemon Server] - 2025-01-15T03:22:50.231Z - [WATCHER]: CHANGELOG.md was created or restored
[NX Daemon Server] - 2025-01-15T03:22:50.231Z - [WATCHER]: Processing file changes in outputs
[NX Daemon Server] - 2025-01-15T03:22:50.332Z - [REQUEST]: Updated workspace context based on watched changes, recomputing project graph...
[NX Daemon Server] - 2025-01-15T03:22:50.332Z - [REQUEST]: CHANGELOG.md
[NX Daemon Server] - 2025-01-15T03:22:50.332Z - [REQUEST]: 
[NX Daemon Server] - 2025-01-15T03:22:50.339Z - Time taken for 'hash changed files from watcher' 0.06781099999989237ms
[NX Daemon Server] - 2025-01-15T03:22:50.366Z - Time taken for 'build-project-configs' 18.819111999999905ms
[NX Daemon Server] - 2025-01-15T03:22:50.366Z - Time taken for '@nx/js/typescript:createDependencies' 8.236677999999984ms
[NX Daemon Server] - 2025-01-15T03:22:50.386Z - [SYNC]: collect registered sync generators
[NX Daemon Server] - 2025-01-15T03:22:50.387Z - [SYNC]: project graph hash is the same, not collecting task sync generators
[NX Daemon Server] - 2025-01-15T03:22:50.387Z - [SYNC]: nx.json hash is the same, not collecting global sync generators
[NX Daemon Server] - 2025-01-15T03:22:50.387Z - [SYNC]: scheduling: ["@nx/js:typescript-sync"]
[NX Daemon Server] - 2025-01-15T03:22:50.387Z - [REQUEST]: Responding to the client. File watch changed
[NX Daemon Server] - 2025-01-15T03:22:50.387Z - Done responding to the client File watch changed
[NX Daemon Server] - 2025-01-15T03:22:50.387Z - Handled FILE-WATCH-CHANGED. Handling time: 0. Response time: 0.
[NX Daemon Server] - 2025-01-15T03:22:50.387Z - Time taken for 'total execution time for createProjectGraph()' 26.07906099999991ms
[NX Daemon Server] - 2025-01-15T03:22:50.587Z - [SYNC]: running scheduled generator @nx/js:typescript-sync
[NX Daemon Server] - 2025-01-15T03:22:50.589Z - [REQUEST]: Client Request for Project Graph Received
[NX Daemon Server] - 2025-01-15T03:22:50.589Z - [REQUEST]: Responding to the client. project-graph
[NX Daemon Server] - 2025-01-15T03:22:50.589Z - Done responding to the client project-graph
[NX Daemon Server] - 2025-01-15T03:22:50.589Z - Handled REQUEST_PROJECT_GRAPH. Handling time: 0. Response time: 0.
[NX Daemon Server] - 2025-01-15T03:22:50.589Z - Time taken for 'total for creating and serializing project graph' 0.2005829999998241ms
[NX Daemon Server] - 2025-01-15T03:22:50.602Z - [SYNC]: @nx/js:typescript-sync changes: 
[NX Daemon Server] - 2025-01-15T03:22:50.602Z - Time taken for 'run-sync-generator:@nx/js:typescript-sync' 14.322975000000042ms
[NX Daemon Server] - 2025-01-15T03:22:51.390Z - Established a connection. Number of open connections: 5
[NX Daemon Server] - 2025-01-15T03:22:51.391Z - [REQUEST]: Client Request for Project Graph Received
[NX Daemon Server] - 2025-01-15T03:22:51.391Z - [REQUEST]: Responding to the client. project-graph
[NX Daemon Server] - 2025-01-15T03:22:51.391Z - Done responding to the client project-graph
[NX Daemon Server] - 2025-01-15T03:22:51.391Z - Handled REQUEST_PROJECT_GRAPH. Handling time: 0. Response time: 0.
[NX Daemon Server] - 2025-01-15T03:22:51.391Z - Time taken for 'total for creating and serializing project graph' 0.17570100000011735ms
[NX Daemon Server] - 2025-01-15T03:22:51.391Z - Closed a connection. Number of open connections: 4
[NX Daemon Server] - 2025-01-15T03:22:51.393Z - [REQUEST]: Responding to the client. handleContextFileData
[NX Daemon Server] - 2025-01-15T03:22:51.393Z - Done responding to the client handleContextFileData
[NX Daemon Server] - 2025-01-15T03:22:51.393Z - Handled GET_CONTEXT_FILE_DATA. Handling time: 0. Response time: 0.
[NX Daemon Server] - 2025-01-15T03:22:51.393Z - Closed a connection. Number of open connections: 3
[NX Daemon Server] - 2025-01-15T03:22:51.407Z - Closed a connection. Number of open connections: 2
[NX Daemon Server] - 2025-01-15T03:22:51.408Z - Established a connection. Number of open connections: 3
[NX Daemon Server] - 2025-01-15T03:22:51.409Z - Established a connection. Number of open connections: 4
[NX Daemon Server] - 2025-01-15T03:22:51.409Z - Closed a connection. Number of open connections: 3
[NX Daemon Server] - 2025-01-15T03:22:51.409Z - [REQUEST]: Client Request for Project Graph Received
[NX Daemon Server] - 2025-01-15T03:22:51.409Z - [REQUEST]: Responding to the client. project-graph
[NX Daemon Server] - 2025-01-15T03:22:51.410Z - Done responding to the client project-graph
[NX Daemon Server] - 2025-01-15T03:22:51.410Z - Handled REQUEST_PROJECT_GRAPH. Handling time: 0. Response time: 1.
[NX Daemon Server] - 2025-01-15T03:22:51.410Z - Time taken for 'total for creating and serializing project graph' 0.21831399999973655ms
[NX Daemon Server] - 2025-01-15T03:22:51.411Z - [REQUEST]: Client Request for Project Graph Received
[NX Daemon Server] - 2025-01-15T03:22:51.412Z - [REQUEST]: Responding to the client. project-graph
[NX Daemon Server] - 2025-01-15T03:22:51.412Z - Done responding to the client project-graph
[NX Daemon Server] - 2025-01-15T03:22:51.412Z - Handled REQUEST_PROJECT_GRAPH. Handling time: 1. Response time: 0.
[NX Daemon Server] - 2025-01-15T03:22:51.412Z - Time taken for 'total for creating and serializing project graph' 0.2187530000001061ms
[NX Daemon Server] - 2025-01-15T03:22:51.413Z - Established a connection. Number of open connections: 4
[NX Daemon Server] - 2025-01-15T03:22:59.683Z - [REQUEST]: Client Request for Project Graph Received
[NX Daemon Server] - 2025-01-15T03:22:59.683Z - [REQUEST]: Responding to the client. project-graph
[NX Daemon Server] - 2025-01-15T03:22:59.684Z - Done responding to the client project-graph
[NX Daemon Server] - 2025-01-15T03:22:59.684Z - Handled REQUEST_PROJECT_GRAPH. Handling time: 0. Response time: 1.
[NX Daemon Server] - 2025-01-15T03:22:59.684Z - Time taken for 'total for creating and serializing project graph' 0.276014999999461ms
[NX Daemon Server] - 2025-01-15T03:22:59.685Z - [REQUEST]: Responding to the client. handleContextFileData
[NX Daemon Server] - 2025-01-15T03:22:59.685Z - Done responding to the client handleContextFileData
[NX Daemon Server] - 2025-01-15T03:22:59.685Z - Handled GET_CONTEXT_FILE_DATA. Handling time: 0. Response time: 0.
[NX Daemon Server] - 2025-01-15T03:22:59.700Z - [REQUEST]: Responding to the client. handleHashTasks
[NX Daemon Server] - 2025-01-15T03:22:59.700Z - Done responding to the client handleHashTasks
[NX Daemon Server] - 2025-01-15T03:22:59.700Z - Handled HASH_TASKS. Handling time: 6. Response time: 0.
[NX Daemon Server] - 2025-01-15T03:22:59.713Z - [REQUEST]: Responding to the client. handleGetEstimatedTaskTimings
[NX Daemon Server] - 2025-01-15T03:22:59.713Z - Done responding to the client handleGetEstimatedTaskTimings
[NX Daemon Server] - 2025-01-15T03:22:59.714Z - Handled GET_ESTIMATED_TASK_TIMINGS. Handling time: 1. Response time: 1.
[NX Daemon Server] - 2025-01-15T03:23:00.597Z - [REQUEST]: Responding to the client. recordOutputsHash
[NX Daemon Server] - 2025-01-15T03:23:00.597Z - Done responding to the client recordOutputsHash
[NX Daemon Server] - 2025-01-15T03:23:00.597Z - Handled RECORD_OUTPUTS_HASH. Handling time: 1. Response time: 0.
[NX Daemon Server] - 2025-01-15T03:23:00.601Z - [REQUEST]: Responding to the client. recordOutputsHash
[NX Daemon Server] - 2025-01-15T03:23:00.601Z - Done responding to the client recordOutputsHash
[NX Daemon Server] - 2025-01-15T03:23:00.601Z - Handled RECORD_OUTPUTS_HASH. Handling time: 0. Response time: 0.
[NX Daemon Server] - 2025-01-15T03:23:00.608Z - [REQUEST]: Responding to the client. handleRecordTaskRuns
[NX Daemon Server] - 2025-01-15T03:23:00.608Z - Done responding to the client handleRecordTaskRuns
[NX Daemon Server] - 2025-01-15T03:23:00.608Z - Handled RECORD_TASK_RUNS. Handling time: 6. Response time: 0.
[NX Daemon Server] - 2025-01-15T03:23:00.608Z - [REQUEST]: Responding to the client. handleGetFlakyTasks
[NX Daemon Server] - 2025-01-15T03:23:00.609Z - Done responding to the client handleGetFlakyTasks
[NX Daemon Server] - 2025-01-15T03:23:00.609Z - Handled GET_FLAKY_TASKS. Handling time: 0. Response time: 1.
[NX Daemon Server] - 2025-01-15T03:23:00.618Z - Closed a connection. Number of open connections: 3
[NX Daemon Server] - 2025-01-15T03:23:40.252Z - Established a connection. Number of open connections: 4
[NX Daemon Server] - 2025-01-15T03:23:40.253Z - Closed a connection. Number of open connections: 3
[NX Daemon Server] - 2025-01-15T03:23:40.253Z - Established a connection. Number of open connections: 4
[NX Daemon Server] - 2025-01-15T03:23:40.254Z - [REQUEST]: Client Request for Project Graph Received
[NX Daemon Server] - 2025-01-15T03:23:40.255Z - [REQUEST]: Responding to the client. project-graph
[NX Daemon Server] - 2025-01-15T03:23:40.255Z - Done responding to the client project-graph
[NX Daemon Server] - 2025-01-15T03:23:40.255Z - Handled REQUEST_PROJECT_GRAPH. Handling time: 1. Response time: 0.
[NX Daemon Server] - 2025-01-15T03:23:40.255Z - Time taken for 'total for creating and serializing project graph' 0.20777999999700114ms
[NX Daemon Server] - 2025-01-15T03:23:40.257Z - [REQUEST]: Responding to the client. handleContextFileData
[NX Daemon Server] - 2025-01-15T03:23:40.257Z - Done responding to the client handleContextFileData
[NX Daemon Server] - 2025-01-15T03:23:40.257Z - Handled GET_CONTEXT_FILE_DATA. Handling time: 0. Response time: 0.
[NX Daemon Server] - 2025-01-15T03:23:40.610Z - [REQUEST]: Client Request for Project Graph Received
[NX Daemon Server] - 2025-01-15T03:23:40.610Z - [REQUEST]: Responding to the client. project-graph
[NX Daemon Server] - 2025-01-15T03:23:40.610Z - Done responding to the client project-graph
[NX Daemon Server] - 2025-01-15T03:23:40.610Z - Handled REQUEST_PROJECT_GRAPH. Handling time: 0. Response time: 0.
[NX Daemon Server] - 2025-01-15T03:23:40.610Z - Time taken for 'total for creating and serializing project graph' 0.2047039999961271ms
[NX Daemon Server] - 2025-01-15T03:23:40.612Z - [REQUEST]: Responding to the client. handleContextFileData
[NX Daemon Server] - 2025-01-15T03:23:40.612Z - Done responding to the client handleContextFileData
[NX Daemon Server] - 2025-01-15T03:23:40.612Z - Handled GET_CONTEXT_FILE_DATA. Handling time: 0. Response time: 0.
[NX Daemon Server] - 2025-01-15T03:23:48.101Z - [REQUEST]: Responding to the client. Shutdown initiated
[NX Daemon Server] - 2025-01-15T03:23:48.101Z - Done responding to the client Shutdown initiated
[NX Daemon Server] - 2025-01-15T03:23:48.101Z - Handled FORCE_SHUTDOWN. Handling time: 1. Response time: 0.
[NX Daemon Server] - 2025-01-15T03:23:48.101Z - Closed a connection. Number of open connections: 3
[NX Daemon Server] - 2025-01-15T03:23:48.101Z - Closed a connection. Number of open connections: 2
[NX Daemon Server] - 2025-01-15T03:23:48.101Z - Closed a connection. Number of open connections: 1
[NX Daemon Server] - 2025-01-15T03:23:48.102Z - Closed a connection. Number of open connections: 0
[NX Daemon Server] - 2025-01-15T03:23:48.102Z - [WATCHER]: Stopping the watcher for /home/daniel/Documents/Coding_Projects/ai-ml/2ndBrain_Joose/tuskydesign (sources)
[NX Daemon Server] - 2025-01-15T03:23:48.102Z - [WATCHER]: Stopping the watcher for /home/daniel/Documents/Coding_Projects/ai-ml/2ndBrain_Joose/tuskydesign (outputs)
[NX Daemon Server] - 2025-01-15T03:23:49.107Z - Started listening on: /tmp/1c1781ad4910766e6c3a/d.sock
[NX Daemon Server] - 2025-01-15T03:23:49.109Z - [WATCHER]: Subscribed to changes within: /home/daniel/Documents/Coding_Projects/ai-ml/2ndBrain_Joose/tuskydesign (native)
[NX Daemon Server] - 2025-01-15T03:23:49.111Z - Established a connection. Number of open connections: 1
[NX Daemon Server] - 2025-01-15T03:23:49.112Z - Closed a connection. Number of open connections: 0
[NX Daemon Server] - 2025-01-15T03:23:49.123Z - Established a connection. Number of open connections: 1
[NX Daemon Server] - 2025-01-15T03:23:49.123Z - Established a connection. Number of open connections: 2
[NX Daemon Server] - 2025-01-15T03:23:49.124Z - Closed a connection. Number of open connections: 1
[NX Daemon Server] - 2025-01-15T03:23:49.124Z - [REQUEST]: Client Request for Project Graph Received
[NX Daemon Server] - 2025-01-15T03:23:49.282Z - Time taken for 'Load Nx Plugin: /home/daniel/Documents/Coding_Projects/ai-ml/2ndBrain_Joose/tuskydesign/node_modules/nx/src/plugins/js' 156.039341ms
[NX Daemon Server] - 2025-01-15T03:23:49.291Z - Time taken for 'Load Nx Plugin: /home/daniel/Documents/Coding_Projects/ai-ml/2ndBrain_Joose/tuskydesign/node_modules/nx/src/plugins/project-json/build-nodes/project-json' 163.68507ms
[NX Daemon Server] - 2025-01-15T03:23:49.298Z - Time taken for 'Load Nx Plugin: /home/daniel/Documents/Coding_Projects/ai-ml/2ndBrain_Joose/tuskydesign/node_modules/nx/src/plugins/package-json' 171.985877ms
[NX Daemon Server] - 2025-01-15T03:23:49.314Z - [REQUEST]: Updated workspace context based on watched changes, recomputing project graph...
[NX Daemon Server] - 2025-01-15T03:23:49.314Z - [REQUEST]: 
[NX Daemon Server] - 2025-01-15T03:23:49.314Z - [REQUEST]: 
[NX Daemon Server] - 2025-01-15T03:23:49.324Z - Time taken for 'loadNxPlugins' 188.85263500000002ms
[NX Daemon Server] - 2025-01-15T03:23:49.520Z - Time taken for 'build-project-configs' 192.08504999999997ms
[NX Daemon Server] - 2025-01-15T03:23:49.521Z - Time taken for '@nx/js/typescript:createDependencies' 2.5992519999999786ms
[NX Daemon Server] - 2025-01-15T03:23:49.528Z - [SYNC]: collect registered sync generators
[NX Daemon Server] - 2025-01-15T03:23:49.529Z - [SYNC]: scheduling: ["@nx/js:typescript-sync"]
[NX Daemon Server] - 2025-01-15T03:23:49.529Z - [REQUEST]: Responding to the client. project-graph
[NX Daemon Server] - 2025-01-15T03:23:49.529Z - Done responding to the client project-graph
[NX Daemon Server] - 2025-01-15T03:23:49.529Z - Handled REQUEST_PROJECT_GRAPH. Handling time: 405. Response time: 0.
[NX Daemon Server] - 2025-01-15T03:23:49.529Z - Time taken for 'total for creating and serializing project graph' 404.42334ms
[NX Daemon Server] - 2025-01-15T03:23:49.532Z - [REQUEST]: Responding to the client. handleContextFileData
[NX Daemon Server] - 2025-01-15T03:23:49.532Z - Done responding to the client handleContextFileData
[NX Daemon Server] - 2025-01-15T03:23:49.532Z - Handled GET_CONTEXT_FILE_DATA. Handling time: 0. Response time: 0.
[NX Daemon Server] - 2025-01-15T03:23:49.577Z - Closed a connection. Number of open connections: 0
[NX Daemon Server] - 2025-01-15T03:23:49.629Z - [SYNC]: running scheduled generator @nx/js:typescript-sync
[NX Daemon Server] - 2025-01-15T03:23:49.818Z - Established a connection. Number of open connections: 1
[NX Daemon Server] - 2025-01-15T03:23:49.818Z - Established a connection. Number of open connections: 2
[NX Daemon Server] - 2025-01-15T03:23:49.819Z - Closed a connection. Number of open connections: 1
[NX Daemon Server] - 2025-01-15T03:23:49.819Z - Established a connection. Number of open connections: 2
[NX Daemon Server] - 2025-01-15T03:23:49.819Z - Closed a connection. Number of open connections: 1
[NX Daemon Server] - 2025-01-15T03:23:49.819Z - Established a connection. Number of open connections: 2
[NX Daemon Server] - 2025-01-15T03:23:49.820Z - [REQUEST]: Client Request for Project Graph Received
[NX Daemon Server] - 2025-01-15T03:23:49.820Z - [REQUEST]: Responding to the client. project-graph
[NX Daemon Server] - 2025-01-15T03:23:49.820Z - Done responding to the client project-graph
[NX Daemon Server] - 2025-01-15T03:23:49.820Z - Handled REQUEST_PROJECT_GRAPH. Handling time: 0. Response time: 0.
[NX Daemon Server] - 2025-01-15T03:23:49.820Z - Time taken for 'total for creating and serializing project graph' 0.16745500000001812ms
[NX Daemon Server] - 2025-01-15T03:23:49.820Z - Established a connection. Number of open connections: 3
[NX Daemon Server] - 2025-01-15T03:23:49.821Z - Closed a connection. Number of open connections: 2
[NX Daemon Server] - 2025-01-15T03:23:49.821Z - [REQUEST]: Client Request for Project Graph Received
[NX Daemon Server] - 2025-01-15T03:23:49.821Z - [REQUEST]: Responding to the client. project-graph
[NX Daemon Server] - 2025-01-15T03:23:49.822Z - Done responding to the client project-graph
[NX Daemon Server] - 2025-01-15T03:23:49.822Z - Handled REQUEST_PROJECT_GRAPH. Handling time: 0. Response time: 1.
[NX Daemon Server] - 2025-01-15T03:23:49.822Z - Time taken for 'total for creating and serializing project graph' 0.22162500000001728ms
[NX Daemon Server] - 2025-01-15T03:23:49.850Z - [SYNC]: @nx/js:typescript-sync changes: 
[NX Daemon Server] - 2025-01-15T03:23:49.851Z - [REQUEST]: Responding to the client. handleContextFileData
[NX Daemon Server] - 2025-01-15T03:23:49.851Z - Done responding to the client handleContextFileData
[NX Daemon Server] - 2025-01-15T03:23:49.851Z - Handled GET_CONTEXT_FILE_DATA. Handling time: 0. Response time: 0.
[NX Daemon Server] - 2025-01-15T03:23:49.851Z - Time taken for 'run-sync-generator:@nx/js:typescript-sync' 221.05517199999997ms
[NX Daemon Server] - 2025-01-15T03:23:49.854Z - Closed a connection. Number of open connections: 1
[NX Daemon Server] - 2025-01-15T03:23:49.870Z - Established a connection. Number of open connections: 2
[NX Daemon Server] - 2025-01-15T03:23:49.870Z - Established a connection. Number of open connections: 3
[NX Daemon Server] - 2025-01-15T03:23:49.870Z - Closed a connection. Number of open connections: 2
[NX Daemon Server] - 2025-01-15T03:23:49.871Z - [REQUEST]: Client Request for Project Graph Received
[NX Daemon Server] - 2025-01-15T03:23:49.871Z - [REQUEST]: Responding to the client. project-graph
[NX Daemon Server] - 2025-01-15T03:23:49.871Z - Done responding to the client project-graph
[NX Daemon Server] - 2025-01-15T03:23:49.871Z - Handled REQUEST_PROJECT_GRAPH. Handling time: 0. Response time: 0.
[NX Daemon Server] - 2025-01-15T03:23:49.872Z - Time taken for 'total for creating and serializing project graph' 0.33427999999992153ms
[NX Daemon Server] - 2025-01-15T03:23:49.873Z - [REQUEST]: Client Request for Project Graph Received
[NX Daemon Server] - 2025-01-15T03:23:49.873Z - [REQUEST]: Responding to the client. project-graph
[NX Daemon Server] - 2025-01-15T03:23:49.874Z - Done responding to the client project-graph
[NX Daemon Server] - 2025-01-15T03:23:49.874Z - Handled REQUEST_PROJECT_GRAPH. Handling time: 0. Response time: 1.
[NX Daemon Server] - 2025-01-15T03:23:49.874Z - Time taken for 'total for creating and serializing project graph' 0.18384100000002945ms
[NX Daemon Server] - 2025-01-15T03:23:49.875Z - Established a connection. Number of open connections: 3
[NX Daemon Server] - 2025-01-15T03:34:36.562Z - [WATCHER]: Processing file changes in outputs
[NX Daemon Server] - 2025-01-15T03:34:36.564Z - Closed a connection. Number of open connections: 2
[NX Daemon Server] - 2025-01-15T03:34:36.564Z - Closed a connection. Number of open connections: 1
[NX Daemon Server] - 2025-01-15T03:34:36.564Z - Closed a connection. Number of open connections: 0
[NX Daemon Server] - 2025-01-15T03:34:36.564Z - [WATCHER]: Stopping the watcher for /home/daniel/Documents/Coding_Projects/ai-ml/2ndBrain_Joose/tuskydesign (sources)
